mode: set
github.com/yourname/radio_review_go/cmd/server/main.go:31.13,35.40 3 0
github.com/yourname/radio_review_go/cmd/server/main.go:35.40,37.3 1 0
github.com/yourname/radio_review_go/cmd/server/main.go:40.2,50.18 7 0
github.com/yourname/radio_review_go/cmd/server/main.go:50.18,52.3 1 0
github.com/yourname/radio_review_go/cmd/server/main.go:53.2,89.55 25 0
github.com/yourname/radio_review_go/cmd/server/main.go:89.55,90.56 1 0
github.com/yourname/radio_review_go/cmd/server/main.go:90.56,92.4 1 0
github.com/yourname/radio_review_go/cmd/server/main.go:94.2,97.23 3 0
github.com/yourname/radio_review_go/cmd/server/main.go:97.23,99.3 1 0
github.com/yourname/radio_review_go/cmd/server/main.go:102.2,117.58 12 0
github.com/yourname/radio_review_go/cmd/server/main.go:117.58,119.17 2 0
github.com/yourname/radio_review_go/cmd/server/main.go:119.17,121.4 1 0
github.com/yourname/radio_review_go/cmd/server/main.go:122.3,123.10 2 0
github.com/yourname/radio_review_go/cmd/server/main.go:123.10,125.4 1 0
github.com/yourname/radio_review_go/cmd/server/main.go:126.3,127.10 2 0
github.com/yourname/radio_review_go/cmd/server/main.go:127.10,129.4 1 0
github.com/yourname/radio_review_go/cmd/server/main.go:130.3,131.17 2 0
github.com/yourname/radio_review_go/cmd/server/main.go:131.17,133.4 1 0
github.com/yourname/radio_review_go/cmd/server/main.go:134.3,134.14 1 0
github.com/yourname/radio_review_go/cmd/server/main.go:138.2,152.71 9 0
github.com/yourname/radio_review_go/cmd/server/main.go:152.71,154.3 1 0
github.com/yourname/radio_review_go/cmd/server/main.go:155.2,155.63 1 0
github.com/yourname/radio_review_go/cmd/server/main.go:155.63,159.3 3 0
github.com/yourname/radio_review_go/cmd/server/main.go:160.2,160.70 1 0
github.com/yourname/radio_review_go/cmd/server/main.go:160.70,162.3 1 0
github.com/yourname/radio_review_go/cmd/server/main.go:163.2,163.69 1 0
github.com/yourname/radio_review_go/cmd/server/main.go:163.69,165.3 1 0
github.com/yourname/radio_review_go/cmd/server/main.go:168.2,181.58 10 0
github.com/yourname/radio_review_go/cmd/server/main.go:181.58,183.3 1 0
github.com/yourname/radio_review_go/cmd/server/main.go:186.2,200.29 11 0
github.com/yourname/radio_review_go/cmd/server/main.go:200.29,204.3 3 0
github.com/yourname/radio_review_go/cmd/server/main.go:207.2,207.29 1 0
github.com/yourname/radio_review_go/cmd/server/main.go:207.29,213.3 5 0
github.com/yourname/radio_review_go/cmd/server/main.go:216.2,216.29 1 0
github.com/yourname/radio_review_go/cmd/server/main.go:216.29,222.3 5 0
github.com/yourname/radio_review_go/cmd/server/main.go:225.2,234.29 8 0
github.com/yourname/radio_review_go/cmd/server/main.go:234.29,239.3 4 0
github.com/yourname/radio_review_go/cmd/server/main.go:242.2,242.29 1 0
github.com/yourname/radio_review_go/cmd/server/main.go:242.29,249.3 6 0
github.com/yourname/radio_review_go/cmd/server/main.go:252.2,252.29 1 0
github.com/yourname/radio_review_go/cmd/server/main.go:252.29,257.3 4 0
github.com/yourname/radio_review_go/cmd/server/main.go:260.2,260.29 1 0
github.com/yourname/radio_review_go/cmd/server/main.go:260.29,268.3 7 0
github.com/yourname/radio_review_go/cmd/server/main.go:270.2,271.16 2 0
github.com/yourname/radio_review_go/cmd/server/main.go:271.16,273.3 1 0
github.com/yourname/radio_review_go/cmd/server/main.go:275.2,276.57 2 0
github.com/yourname/radio_review_go/cmd/server/main.go:276.57,278.3 1 0
github.com/yourname/radio_review_go/cmd/server/main.go:281.31,290.16 3 0
github.com/yourname/radio_review_go/cmd/server/main.go:290.16,292.3 1 0
github.com/yourname/radio_review_go/cmd/server/main.go:293.2,293.11 1 0
github.com/yourname/radio_review_go/cmd/server/main.go:296.39,304.2 2 0
github.com/yourname/radio_review_go/cmd/server/main.go:306.46,307.34 1 0
github.com/yourname/radio_review_go/cmd/server/main.go:307.34,309.3 1 0
github.com/yourname/radio_review_go/cmd/server/main.go:310.2,310.12 1 0
github.com/yourname/radio_review_go/internal/repository/favorite_program.go:14.75,16.2 1 0
github.com/yourname/radio_review_go/internal/repository/favorite_program.go:18.95,24.16 3 0
github.com/yourname/radio_review_go/internal/repository/favorite_program.go:24.16,26.3 1 0
github.com/yourname/radio_review_go/internal/repository/favorite_program.go:27.2,27.18 1 0
github.com/yourname/radio_review_go/internal/repository/favorite_program.go:30.123,33.25 3 0
github.com/yourname/radio_review_go/internal/repository/favorite_program.go:33.25,39.3 1 0
github.com/yourname/radio_review_go/internal/repository/favorite_program.go:39.8,45.3 1 0
github.com/yourname/radio_review_go/internal/repository/favorite_program.go:46.2,46.16 1 0
github.com/yourname/radio_review_go/internal/repository/favorite_program.go:46.16,48.3 1 0
github.com/yourname/radio_review_go/internal/repository/favorite_program.go:49.2,49.23 1 0
github.com/yourname/radio_review_go/internal/repository/favorite_program.go:52.87,58.16 2 0
github.com/yourname/radio_review_go/internal/repository/favorite_program.go:58.16,60.3 1 0
github.com/yourname/radio_review_go/internal/repository/favorite_program.go:61.2,62.16 2 0
github.com/yourname/radio_review_go/internal/repository/favorite_program.go:62.16,64.3 1 0
github.com/yourname/radio_review_go/internal/repository/favorite_program.go:65.2,65.16 1 0
github.com/yourname/radio_review_go/internal/repository/favorite_program.go:68.115,70.25 2 0
github.com/yourname/radio_review_go/internal/repository/favorite_program.go:70.25,76.3 1 0
github.com/yourname/radio_review_go/internal/repository/favorite_program.go:76.8,82.3 1 0
github.com/yourname/radio_review_go/internal/repository/favorite_program.go:83.2,83.16 1 0
github.com/yourname/radio_review_go/internal/repository/favorite_program.go:83.16,85.3 1 0
github.com/yourname/radio_review_go/internal/repository/favorite_program.go:86.2,86.12 1 0
github.com/yourname/radio_review_go/internal/repository/notification.go:14.69,16.2 1 0
github.com/yourname/radio_review_go/internal/repository/notification.go:18.95,26.16 3 0
github.com/yourname/radio_review_go/internal/repository/notification.go:26.16,28.3 1 0
github.com/yourname/radio_review_go/internal/repository/notification.go:29.2,29.27 1 0
github.com/yourname/radio_review_go/internal/repository/notification.go:32.92,38.16 3 0
github.com/yourname/radio_review_go/internal/repository/notification.go:38.16,40.3 1 0
github.com/yourname/radio_review_go/internal/repository/notification.go:41.2,41.27 1 0
github.com/yourname/radio_review_go/internal/repository/notification.go:44.69,51.16 2 0
github.com/yourname/radio_review_go/internal/repository/notification.go:51.16,53.3 1 0
github.com/yourname/radio_review_go/internal/repository/notification.go:54.2,54.12 1 0
github.com/yourname/radio_review_go/internal/repository/notification.go:57.68,64.16 2 0
github.com/yourname/radio_review_go/internal/repository/notification.go:64.16,66.3 1 0
github.com/yourname/radio_review_go/internal/repository/notification.go:67.2,67.12 1 0
github.com/yourname/radio_review_go/internal/repository/password_reset.go:14.71,16.2 1 0
github.com/yourname/radio_review_go/internal/repository/password_reset.go:19.67,23.16 2 0
github.com/yourname/radio_review_go/internal/repository/password_reset.go:23.16,25.3 1 0
github.com/yourname/radio_review_go/internal/repository/password_reset.go:26.2,30.12 2 0
github.com/yourname/radio_review_go/internal/repository/password_reset.go:34.91,40.16 3 0
github.com/yourname/radio_review_go/internal/repository/password_reset.go:40.16,42.3 1 0
github.com/yourname/radio_review_go/internal/repository/password_reset.go:43.2,43.17 1 0
github.com/yourname/radio_review_go/internal/repository/password_reset.go:47.62,50.2 2 0
github.com/yourname/radio_review_go/internal/repository/post.go:15.53,17.2 1 0
github.com/yourname/radio_review_go/internal/repository/post.go:19.75,25.16 3 0
github.com/yourname/radio_review_go/internal/repository/post.go:25.16,27.3 1 0
github.com/yourname/radio_review_go/internal/repository/post.go:28.2,28.19 1 0
github.com/yourname/radio_review_go/internal/repository/post.go:31.47,34.16 3 0
github.com/yourname/radio_review_go/internal/repository/post.go:34.16,36.3 1 0
github.com/yourname/radio_review_go/internal/repository/post.go:37.2,37.19 1 0
github.com/yourname/radio_review_go/internal/repository/post.go:40.113,46.16 3 0
github.com/yourname/radio_review_go/internal/repository/post.go:46.16,48.3 1 0
github.com/yourname/radio_review_go/internal/repository/post.go:49.2,49.19 1 0
github.com/yourname/radio_review_go/internal/repository/post.go:52.86,58.16 3 0
github.com/yourname/radio_review_go/internal/repository/post.go:58.16,60.3 1 0
github.com/yourname/radio_review_go/internal/repository/post.go:61.2,61.19 1 0
github.com/yourname/radio_review_go/internal/repository/post.go:64.92,70.16 3 0
github.com/yourname/radio_review_go/internal/repository/post.go:70.16,72.3 1 0
github.com/yourname/radio_review_go/internal/repository/post.go:73.2,73.19 1 0
github.com/yourname/radio_review_go/internal/repository/post.go:76.65,82.16 3 0
github.com/yourname/radio_review_go/internal/repository/post.go:82.16,84.3 1 0
github.com/yourname/radio_review_go/internal/repository/post.go:85.2,85.19 1 0
github.com/yourname/radio_review_go/internal/repository/post.go:88.66,91.16 3 0
github.com/yourname/radio_review_go/internal/repository/post.go:91.16,93.3 1 0
github.com/yourname/radio_review_go/internal/repository/post.go:94.2,94.19 1 0
github.com/yourname/radio_review_go/internal/repository/post.go:99.112,106.16 6 0
github.com/yourname/radio_review_go/internal/repository/post.go:106.16,108.3 1 0
github.com/yourname/radio_review_go/internal/repository/post.go:109.2,109.19 1 0
github.com/yourname/radio_review_go/internal/repository/post.go:112.85,117.16 4 0
github.com/yourname/radio_review_go/internal/repository/post.go:117.16,119.3 1 0
github.com/yourname/radio_review_go/internal/repository/post.go:120.2,120.19 1 0
github.com/yourname/radio_review_go/internal/repository/post.go:124.104,131.39 5 0
github.com/yourname/radio_review_go/internal/repository/post.go:131.39,134.3 2 0
github.com/yourname/radio_review_go/internal/repository/post.go:136.2,136.47 1 0
github.com/yourname/radio_review_go/internal/repository/post.go:136.47,139.3 2 0
github.com/yourname/radio_review_go/internal/repository/post.go:141.2,141.47 1 0
github.com/yourname/radio_review_go/internal/repository/post.go:141.47,144.3 2 0
github.com/yourname/radio_review_go/internal/repository/post.go:146.2,146.43 1 0
github.com/yourname/radio_review_go/internal/repository/post.go:146.43,150.3 3 0
github.com/yourname/radio_review_go/internal/repository/post.go:152.2,153.20 2 0
github.com/yourname/radio_review_go/internal/repository/post.go:153.20,155.3 1 0
github.com/yourname/radio_review_go/internal/repository/post.go:156.2,156.21 1 0
github.com/yourname/radio_review_go/internal/repository/post.go:156.21,158.3 1 0
github.com/yourname/radio_review_go/internal/repository/post.go:160.2,160.20 1 0
github.com/yourname/radio_review_go/internal/repository/post.go:163.66,171.16 2 0
github.com/yourname/radio_review_go/internal/repository/post.go:171.16,173.3 1 0
github.com/yourname/radio_review_go/internal/repository/post.go:174.2,175.16 2 0
github.com/yourname/radio_review_go/internal/repository/post.go:175.16,177.3 1 0
github.com/yourname/radio_review_go/internal/repository/post.go:178.2,178.16 1 0
github.com/yourname/radio_review_go/internal/repository/post.go:181.57,188.16 2 0
github.com/yourname/radio_review_go/internal/repository/post.go:188.16,190.3 1 0
github.com/yourname/radio_review_go/internal/repository/post.go:191.2,191.12 1 0
github.com/yourname/radio_review_go/internal/repository/post.go:194.49,196.16 2 0
github.com/yourname/radio_review_go/internal/repository/post.go:196.16,198.3 1 0
github.com/yourname/radio_review_go/internal/repository/post.go:199.2,199.12 1 0
github.com/yourname/radio_review_go/internal/repository/post.go:202.74,208.16 3 0
github.com/yourname/radio_review_go/internal/repository/post.go:208.16,210.3 1 0
github.com/yourname/radio_review_go/internal/repository/post.go:211.2,211.17 1 0
github.com/yourname/radio_review_go/internal/repository/post_comment.go:14.67,16.2 1 0
github.com/yourname/radio_review_go/internal/repository/post_comment.go:18.87,24.16 3 0
github.com/yourname/radio_review_go/internal/repository/post_comment.go:24.16,26.3 1 0
github.com/yourname/radio_review_go/internal/repository/post_comment.go:27.2,27.22 1 0
github.com/yourname/radio_review_go/internal/repository/post_comment.go:30.80,33.16 3 0
github.com/yourname/radio_review_go/internal/repository/post_comment.go:33.16,35.3 1 0
github.com/yourname/radio_review_go/internal/repository/post_comment.go:36.2,36.16 1 0
github.com/yourname/radio_review_go/internal/repository/post_comment.go:39.83,45.16 2 0
github.com/yourname/radio_review_go/internal/repository/post_comment.go:45.16,47.3 1 0
github.com/yourname/radio_review_go/internal/repository/post_comment.go:48.2,49.16 2 0
github.com/yourname/radio_review_go/internal/repository/post_comment.go:49.16,51.3 1 0
github.com/yourname/radio_review_go/internal/repository/post_comment.go:53.2,57.16 2 0
github.com/yourname/radio_review_go/internal/repository/post_comment.go:57.16,59.3 1 0
github.com/yourname/radio_review_go/internal/repository/post_comment.go:60.2,60.16 1 0
github.com/yourname/radio_review_go/internal/repository/post_comment.go:63.56,67.16 3 0
github.com/yourname/radio_review_go/internal/repository/post_comment.go:67.16,69.3 1 0
github.com/yourname/radio_review_go/internal/repository/post_comment.go:71.2,72.16 2 0
github.com/yourname/radio_review_go/internal/repository/post_comment.go:72.16,74.3 1 0
github.com/yourname/radio_review_go/internal/repository/post_comment.go:76.2,80.16 2 0
github.com/yourname/radio_review_go/internal/repository/post_comment.go:80.16,82.3 1 0
github.com/yourname/radio_review_go/internal/repository/post_comment.go:83.2,83.12 1 0
github.com/yourname/radio_review_go/internal/repository/post_like.go:13.61,15.2 1 0
github.com/yourname/radio_review_go/internal/repository/post_like.go:17.73,23.16 3 0
github.com/yourname/radio_review_go/internal/repository/post_like.go:23.16,25.3 1 0
github.com/yourname/radio_review_go/internal/repository/post_like.go:26.2,26.23 1 0
github.com/yourname/radio_review_go/internal/repository/post_like.go:29.65,35.16 2 0
github.com/yourname/radio_review_go/internal/repository/post_like.go:35.16,37.3 1 0
github.com/yourname/radio_review_go/internal/repository/post_like.go:39.2,43.16 2 0
github.com/yourname/radio_review_go/internal/repository/post_like.go:43.16,45.3 1 0
github.com/yourname/radio_review_go/internal/repository/post_like.go:46.2,46.12 1 0
github.com/yourname/radio_review_go/internal/repository/post_like.go:49.65,54.16 2 0
github.com/yourname/radio_review_go/internal/repository/post_like.go:54.16,56.3 1 0
github.com/yourname/radio_review_go/internal/repository/post_like.go:58.2,62.16 2 0
github.com/yourname/radio_review_go/internal/repository/post_like.go:62.16,64.3 1 0
github.com/yourname/radio_review_go/internal/repository/post_like.go:65.2,65.12 1 0
github.com/yourname/radio_review_go/internal/repository/post_like.go:68.69,74.16 3 0
github.com/yourname/radio_review_go/internal/repository/post_like.go:74.16,76.3 1 0
github.com/yourname/radio_review_go/internal/repository/post_like.go:77.2,77.19 1 0
github.com/yourname/radio_review_go/internal/repository/post_tag.go:14.59,16.2 1 0
github.com/yourname/radio_review_go/internal/repository/post_tag.go:18.64,21.16 3 0
github.com/yourname/radio_review_go/internal/repository/post_tag.go:21.16,23.3 1 0
github.com/yourname/radio_review_go/internal/repository/post_tag.go:24.2,24.18 1 0
github.com/yourname/radio_review_go/internal/repository/post_tag.go:27.72,30.16 3 0
github.com/yourname/radio_review_go/internal/repository/post_tag.go:30.16,32.3 1 0
github.com/yourname/radio_review_go/internal/repository/post_tag.go:33.2,33.18 1 0
github.com/yourname/radio_review_go/internal/repository/post_tag.go:36.81,45.16 3 0
github.com/yourname/radio_review_go/internal/repository/post_tag.go:45.16,47.3 1 0
github.com/yourname/radio_review_go/internal/repository/post_tag.go:48.2,48.18 1 0
github.com/yourname/radio_review_go/internal/repository/post_tag.go:51.69,57.16 2 0
github.com/yourname/radio_review_go/internal/repository/post_tag.go:57.16,59.3 1 0
github.com/yourname/radio_review_go/internal/repository/post_tag.go:60.2,60.12 1 0
github.com/yourname/radio_review_go/internal/repository/post_tag.go:63.71,68.16 2 0
github.com/yourname/radio_review_go/internal/repository/post_tag.go:68.16,70.3 1 0
github.com/yourname/radio_review_go/internal/repository/post_tag.go:71.2,71.12 1 0
github.com/yourname/radio_review_go/internal/repository/radio_program.go:14.69,16.2 1 0
github.com/yourname/radio_review_go/internal/repository/radio_program.go:18.82,21.16 3 0
github.com/yourname/radio_review_go/internal/repository/radio_program.go:21.16,23.3 1 0
github.com/yourname/radio_review_go/internal/repository/radio_program.go:24.2,24.16 1 0
github.com/yourname/radio_review_go/internal/repository/radio_program.go:27.110,33.16 3 0
github.com/yourname/radio_review_go/internal/repository/radio_program.go:33.16,35.3 1 0
github.com/yourname/radio_review_go/internal/repository/radio_program.go:36.2,36.16 1 0
github.com/yourname/radio_review_go/internal/repository/radio_program.go:39.113,45.16 3 0
github.com/yourname/radio_review_go/internal/repository/radio_program.go:45.16,47.3 1 0
github.com/yourname/radio_review_go/internal/repository/radio_program.go:48.2,48.22 1 0
github.com/yourname/radio_review_go/internal/repository/radio_program.go:51.109,57.16 3 0
github.com/yourname/radio_review_go/internal/repository/radio_program.go:57.16,59.3 1 0
github.com/yourname/radio_review_go/internal/repository/radio_program.go:60.2,60.22 1 0
github.com/yourname/radio_review_go/internal/repository/radio_program.go:63.76,69.16 3 0
github.com/yourname/radio_review_go/internal/repository/radio_program.go:69.16,71.3 1 0
github.com/yourname/radio_review_go/internal/repository/radio_program.go:72.2,72.19 1 0
github.com/yourname/radio_review_go/internal/repository/radio_program.go:75.91,81.16 3 0
github.com/yourname/radio_review_go/internal/repository/radio_program.go:81.16,83.3 1 0
github.com/yourname/radio_review_go/internal/repository/radio_program.go:84.2,84.22 1 0
github.com/yourname/radio_review_go/internal/repository/radio_program.go:87.58,90.16 3 0
github.com/yourname/radio_review_go/internal/repository/radio_program.go:90.16,92.3 1 0
github.com/yourname/radio_review_go/internal/repository/radio_program.go:93.2,93.19 1 0
github.com/yourname/radio_review_go/internal/repository/radio_program.go:98.85,107.16 2 0
github.com/yourname/radio_review_go/internal/repository/radio_program.go:107.16,109.3 1 0
github.com/yourname/radio_review_go/internal/repository/radio_program.go:110.2,111.16 2 0
github.com/yourname/radio_review_go/internal/repository/radio_program.go:111.16,113.3 1 0
github.com/yourname/radio_review_go/internal/repository/radio_program.go:115.2,115.13 1 0
github.com/yourname/radio_review_go/internal/repository/radio_program.go:115.13,120.17 2 0
github.com/yourname/radio_review_go/internal/repository/radio_program.go:120.17,122.4 1 0
github.com/yourname/radio_review_go/internal/repository/radio_program.go:123.3,123.19 1 0
github.com/yourname/radio_review_go/internal/repository/radio_program.go:125.2,125.16 1 0
github.com/yourname/radio_review_go/internal/repository/recording_schedule.go:14.79,16.2 1 0
github.com/yourname/radio_review_go/internal/repository/recording_schedule.go:18.99,24.16 3 0
github.com/yourname/radio_review_go/internal/repository/recording_schedule.go:24.16,26.3 1 0
github.com/yourname/radio_review_go/internal/repository/recording_schedule.go:27.2,27.23 1 0
github.com/yourname/radio_review_go/internal/repository/recording_schedule.go:30.92,33.16 3 0
github.com/yourname/radio_review_go/internal/repository/recording_schedule.go:33.16,35.3 1 0
github.com/yourname/radio_review_go/internal/repository/recording_schedule.go:36.2,36.16 1 0
github.com/yourname/radio_review_go/internal/repository/recording_schedule.go:41.102,49.16 3 0
github.com/yourname/radio_review_go/internal/repository/recording_schedule.go:49.16,51.3 1 0
github.com/yourname/radio_review_go/internal/repository/recording_schedule.go:52.2,52.23 1 0
github.com/yourname/radio_review_go/internal/repository/recording_schedule.go:55.89,65.16 2 0
github.com/yourname/radio_review_go/internal/repository/recording_schedule.go:65.16,67.3 1 0
github.com/yourname/radio_review_go/internal/repository/recording_schedule.go:68.2,69.16 2 0
github.com/yourname/radio_review_go/internal/repository/recording_schedule.go:69.16,71.3 1 0
github.com/yourname/radio_review_go/internal/repository/recording_schedule.go:72.2,72.16 1 0
github.com/yourname/radio_review_go/internal/repository/recording_schedule.go:75.99,80.16 2 0
github.com/yourname/radio_review_go/internal/repository/recording_schedule.go:80.16,82.3 1 0
github.com/yourname/radio_review_go/internal/repository/recording_schedule.go:83.2,83.12 1 0
github.com/yourname/radio_review_go/internal/repository/recording_schedule.go:86.90,91.16 2 0
github.com/yourname/radio_review_go/internal/repository/recording_schedule.go:91.16,93.3 1 0
github.com/yourname/radio_review_go/internal/repository/recording_schedule.go:94.2,94.12 1 0
github.com/yourname/radio_review_go/internal/repository/recording_schedule.go:97.62,102.16 2 0
github.com/yourname/radio_review_go/internal/repository/recording_schedule.go:102.16,104.3 1 0
github.com/yourname/radio_review_go/internal/repository/recording_schedule.go:105.2,105.12 1 0
github.com/yourname/radio_review_go/internal/repository/user.go:14.53,16.2 1 0
github.com/yourname/radio_review_go/internal/repository/user.go:18.66,21.16 3 0
github.com/yourname/radio_review_go/internal/repository/user.go:21.16,23.3 1 0
github.com/yourname/radio_review_go/internal/repository/user.go:24.2,24.16 1 0
github.com/yourname/radio_review_go/internal/repository/user.go:27.73,30.16 3 0
github.com/yourname/radio_review_go/internal/repository/user.go:30.16,32.3 1 0
github.com/yourname/radio_review_go/internal/repository/user.go:33.2,33.16 1 0
github.com/yourname/radio_review_go/internal/repository/user.go:36.66,42.16 2 0
github.com/yourname/radio_review_go/internal/repository/user.go:42.16,44.3 1 0
github.com/yourname/radio_review_go/internal/repository/user.go:45.2,46.16 2 0
github.com/yourname/radio_review_go/internal/repository/user.go:46.16,48.3 1 0
github.com/yourname/radio_review_go/internal/repository/user.go:49.2,49.16 1 0
github.com/yourname/radio_review_go/internal/repository/user.go:52.57,58.16 2 0
github.com/yourname/radio_review_go/internal/repository/user.go:58.16,60.3 1 0
github.com/yourname/radio_review_go/internal/repository/user.go:61.2,61.12 1 0
github.com/yourname/radio_review_go/internal/job/scheduler.go:39.14,47.2 1 0
github.com/yourname/radio_review_go/internal/job/scheduler.go:50.48,58.2 4 0
github.com/yourname/radio_review_go/internal/job/scheduler.go:61.87,63.2 1 0
github.com/yourname/radio_review_go/internal/job/scheduler.go:66.106,69.6 3 0
github.com/yourname/radio_review_go/internal/job/scheduler.go:69.6,70.10 1 0
github.com/yourname/radio_review_go/internal/job/scheduler.go:71.21,72.10 1 0
github.com/yourname/radio_review_go/internal/job/scheduler.go:73.19,74.11 1 0
github.com/yourname/radio_review_go/internal/job/scheduler.go:80.101,81.6 1 0
github.com/yourname/radio_review_go/internal/job/scheduler.go:81.6,84.23 3 0
github.com/yourname/radio_review_go/internal/job/scheduler.go:84.23,86.4 1 0
github.com/yourname/radio_review_go/internal/job/scheduler.go:87.3,89.10 2 0
github.com/yourname/radio_review_go/internal/job/scheduler.go:90.21,91.10 1 0
github.com/yourname/radio_review_go/internal/job/scheduler.go:92.27,93.11 1 0
github.com/yourname/radio_review_go/internal/job/scheduler.go:134.42,137.16 3 0
github.com/yourname/radio_review_go/internal/job/scheduler.go:137.16,139.3 1 0
github.com/yourname/radio_review_go/internal/job/scheduler.go:140.2,143.16 3 0
github.com/yourname/radio_review_go/internal/job/scheduler.go:143.16,145.3 1 0
github.com/yourname/radio_review_go/internal/job/scheduler.go:147.2,148.51 2 0
github.com/yourname/radio_review_go/internal/job/scheduler.go:148.51,150.3 1 0
github.com/yourname/radio_review_go/internal/job/scheduler.go:152.2,154.38 3 0
github.com/yourname/radio_review_go/internal/job/scheduler.go:154.38,155.38 1 0
github.com/yourname/radio_review_go/internal/job/scheduler.go:155.38,156.19 1 0
github.com/yourname/radio_review_go/internal/job/scheduler.go:156.19,157.13 1 0
github.com/yourname/radio_review_go/internal/job/scheduler.go:159.4,159.33 1 0
github.com/yourname/radio_review_go/internal/job/scheduler.go:159.33,162.5 2 0
github.com/yourname/radio_review_go/internal/job/scheduler.go:165.2,165.17 1 0
github.com/yourname/radio_review_go/internal/job/scheduler.go:169.74,172.16 3 0
github.com/yourname/radio_review_go/internal/job/scheduler.go:172.16,174.3 1 0
github.com/yourname/radio_review_go/internal/job/scheduler.go:175.2,178.16 3 0
github.com/yourname/radio_review_go/internal/job/scheduler.go:178.16,180.3 1 0
github.com/yourname/radio_review_go/internal/job/scheduler.go:182.2,183.51 2 0
github.com/yourname/radio_review_go/internal/job/scheduler.go:183.51,185.3 1 0
github.com/yourname/radio_review_go/internal/job/scheduler.go:187.2,188.37 2 0
github.com/yourname/radio_review_go/internal/job/scheduler.go:188.37,195.22 2 0
github.com/yourname/radio_review_go/internal/job/scheduler.go:195.22,197.4 1 0
github.com/yourname/radio_review_go/internal/job/scheduler.go:198.3,198.22 1 0
github.com/yourname/radio_review_go/internal/job/scheduler.go:198.22,200.4 1 0
github.com/yourname/radio_review_go/internal/job/scheduler.go:201.3,201.21 1 0
github.com/yourname/radio_review_go/internal/job/scheduler.go:201.21,203.4 1 0
github.com/yourname/radio_review_go/internal/job/scheduler.go:204.3,204.23 1 0
github.com/yourname/radio_review_go/internal/job/scheduler.go:204.23,206.4 1 0
github.com/yourname/radio_review_go/internal/job/scheduler.go:207.3,207.33 1 0
github.com/yourname/radio_review_go/internal/job/scheduler.go:209.2,209.22 1 0
github.com/yourname/radio_review_go/internal/job/scheduler.go:218.35,221.16 1 1
github.com/yourname/radio_review_go/internal/job/scheduler.go:221.16,223.3 1 1
github.com/yourname/radio_review_go/internal/job/scheduler.go:224.2,224.28 1 1
github.com/yourname/radio_review_go/internal/job/scheduler.go:228.62,232.16 3 0
github.com/yourname/radio_review_go/internal/job/scheduler.go:232.16,235.3 2 0
github.com/yourname/radio_review_go/internal/job/scheduler.go:238.2,244.32 4 0
github.com/yourname/radio_review_go/internal/job/scheduler.go:244.32,246.17 2 0
github.com/yourname/radio_review_go/internal/job/scheduler.go:246.17,248.12 2 0
github.com/yourname/radio_review_go/internal/job/scheduler.go:250.3,250.30 1 0
github.com/yourname/radio_review_go/internal/job/scheduler.go:250.30,252.29 2 0
github.com/yourname/radio_review_go/internal/job/scheduler.go:252.29,255.5 2 0
github.com/yourname/radio_review_go/internal/job/scheduler.go:259.2,259.27 1 0
github.com/yourname/radio_review_go/internal/job/scheduler.go:259.27,262.3 2 0
github.com/yourname/radio_review_go/internal/job/scheduler.go:265.2,269.40 4 0
github.com/yourname/radio_review_go/internal/job/scheduler.go:269.40,271.18 2 0
github.com/yourname/radio_review_go/internal/job/scheduler.go:271.18,273.4 1 0
github.com/yourname/radio_review_go/internal/job/scheduler.go:274.3,276.27 2 0
github.com/yourname/radio_review_go/internal/job/scheduler.go:276.27,278.61 2 0
github.com/yourname/radio_review_go/internal/job/scheduler.go:278.61,281.13 2 0
github.com/yourname/radio_review_go/internal/job/scheduler.go:283.4,283.14 1 0
github.com/yourname/radio_review_go/internal/job/scheduler.go:287.2,287.91 1 0
github.com/yourname/radio_review_go/internal/job/scheduler.go:291.82,300.16 2 0
github.com/yourname/radio_review_go/internal/job/scheduler.go:300.16,302.3 1 0
github.com/yourname/radio_review_go/internal/job/scheduler.go:303.2,303.27 1 0
github.com/yourname/radio_review_go/internal/job/scheduler.go:312.65,325.16 3 0
github.com/yourname/radio_review_go/internal/job/scheduler.go:325.16,328.3 2 0
github.com/yourname/radio_review_go/internal/job/scheduler.go:330.2,330.53 1 0
github.com/yourname/radio_review_go/internal/job/scheduler.go:339.68,343.16 3 0
github.com/yourname/radio_review_go/internal/job/scheduler.go:343.16,346.3 2 0
github.com/yourname/radio_review_go/internal/job/scheduler.go:348.2,348.25 1 0
github.com/yourname/radio_review_go/internal/job/scheduler.go:348.25,350.3 1 0
github.com/yourname/radio_review_go/internal/job/scheduler.go:352.2,354.31 2 0
github.com/yourname/radio_review_go/internal/job/scheduler.go:354.31,357.3 2 0
github.com/yourname/radio_review_go/internal/job/scheduler.go:361.95,365.76 2 0
github.com/yourname/radio_review_go/internal/job/scheduler.go:365.76,368.3 2 0
github.com/yourname/radio_review_go/internal/job/scheduler.go:371.2,375.16 3 0
github.com/yourname/radio_review_go/internal/job/scheduler.go:375.16,381.3 5 0
github.com/yourname/radio_review_go/internal/job/scheduler.go:384.2,389.57 5 0
github.com/yourname/radio_review_go/internal/job/scheduler.go:389.57,395.3 5 0
github.com/yourname/radio_review_go/internal/job/scheduler.go:398.2,410.75 3 0
github.com/yourname/radio_review_go/internal/job/scheduler.go:410.75,413.3 1 0
github.com/yourname/radio_review_go/internal/job/scheduler.go:416.2,416.73 1 0
github.com/yourname/radio_review_go/internal/job/scheduler.go:416.73,418.3 1 0
github.com/yourname/radio_review_go/internal/job/scheduler.go:421.2,421.117 1 0
github.com/yourname/radio_review_go/internal/job/scheduler.go:421.117,428.3 6 0
github.com/yourname/radio_review_go/internal/job/scheduler.go:431.2,435.77 4 0
github.com/yourname/radio_review_go/internal/job/scheduler.go:439.82,447.16 3 0
github.com/yourname/radio_review_go/internal/job/scheduler.go:447.16,449.3 1 0
github.com/yourname/radio_review_go/internal/job/scheduler.go:450.2,450.23 1 0
github.com/yourname/radio_review_go/internal/job/scheduler.go:454.87,460.2 2 0
github.com/yourname/radio_review_go/internal/job/scheduler.go:463.78,469.2 2 0
github.com/yourname/radio_review_go/internal/job/scheduler.go:472.117,474.16 2 0
github.com/yourname/radio_review_go/internal/job/scheduler.go:474.16,476.3 1 0
github.com/yourname/radio_review_go/internal/job/scheduler.go:477.2,477.78 1 0
github.com/yourname/radio_review_go/internal/job/scheduler.go:481.107,484.16 3 0
github.com/yourname/radio_review_go/internal/job/scheduler.go:484.16,486.3 1 0
github.com/yourname/radio_review_go/internal/job/scheduler.go:487.2,488.59 2 0
github.com/yourname/radio_review_go/internal/job/scheduler.go:488.59,490.3 1 0
github.com/yourname/radio_review_go/internal/job/scheduler.go:491.2,493.16 3 0
github.com/yourname/radio_review_go/internal/job/scheduler.go:493.16,495.3 1 0
github.com/yourname/radio_review_go/internal/job/scheduler.go:496.2,497.28 2 0
github.com/yourname/radio_review_go/internal/job/scheduler.go:497.28,499.3 1 0
github.com/yourname/radio_review_go/internal/job/scheduler.go:500.2,500.48 1 0
github.com/yourname/radio_review_go/internal/job/scheduler.go:504.107,518.2 4 0
github.com/yourname/radio_review_go/internal/job/scheduler.go:521.103,535.2 4 0
github.com/yourname/radio_review_go/internal/job/scheduler.go:538.67,545.2 2 0
github.com/yourname/radio_review_go/internal/job/scheduler.go:553.73,560.16 3 0
github.com/yourname/radio_review_go/internal/job/scheduler.go:560.16,563.3 2 0
github.com/yourname/radio_review_go/internal/job/scheduler.go:565.2,565.25 1 0
github.com/yourname/radio_review_go/internal/job/scheduler.go:565.25,568.3 2 0
github.com/yourname/radio_review_go/internal/job/scheduler.go:570.2,577.32 5 0
github.com/yourname/radio_review_go/internal/job/scheduler.go:577.32,586.17 4 0
github.com/yourname/radio_review_go/internal/job/scheduler.go:586.17,588.12 1 0
github.com/yourname/radio_review_go/internal/job/scheduler.go:593.3,595.73 3 0
github.com/yourname/radio_review_go/internal/job/scheduler.go:595.73,599.4 1 0
github.com/yourname/radio_review_go/internal/job/scheduler.go:599.9,599.36 1 0
github.com/yourname/radio_review_go/internal/job/scheduler.go:599.36,602.4 1 0
github.com/yourname/radio_review_go/internal/job/scheduler.go:602.9,603.12 1 0
github.com/yourname/radio_review_go/internal/job/scheduler.go:607.3,607.54 1 0
github.com/yourname/radio_review_go/internal/job/scheduler.go:607.54,608.84 1 0
github.com/yourname/radio_review_go/internal/job/scheduler.go:608.84,611.13 2 0
github.com/yourname/radio_review_go/internal/job/scheduler.go:613.4,615.49 2 0
github.com/yourname/radio_review_go/internal/job/scheduler.go:619.2,619.89 1 0
github.com/yourname/radio_review_go/internal/job/scheduler.go:623.118,637.2 4 0
github.com/yourname/radio_review_go/pkg/radiko/client.go:36.67,47.2 2 0
github.com/yourname/radio_review_go/pkg/radiko/client.go:52.83,57.32 3 0
github.com/yourname/radio_review_go/pkg/radiko/client.go:57.32,59.3 1 0
github.com/yourname/radio_review_go/pkg/radiko/client.go:62.2,63.16 2 0
github.com/yourname/radio_review_go/pkg/radiko/client.go:63.16,65.3 1 0
github.com/yourname/radio_review_go/pkg/radiko/client.go:66.2,72.16 6 0
github.com/yourname/radio_review_go/pkg/radiko/client.go:72.16,74.3 1 0
github.com/yourname/radio_review_go/pkg/radiko/client.go:75.2,77.39 2 0
github.com/yourname/radio_review_go/pkg/radiko/client.go:77.39,79.3 1 0
github.com/yourname/radio_review_go/pkg/radiko/client.go:81.2,85.21 4 0
github.com/yourname/radio_review_go/pkg/radiko/client.go:85.21,87.3 1 0
github.com/yourname/radio_review_go/pkg/radiko/client.go:88.2,88.24 1 0
github.com/yourname/radio_review_go/pkg/radiko/client.go:88.24,90.3 1 0
github.com/yourname/radio_review_go/pkg/radiko/client.go:91.2,91.24 1 0
github.com/yourname/radio_review_go/pkg/radiko/client.go:91.24,93.3 1 0
github.com/yourname/radio_review_go/pkg/radiko/client.go:95.2,96.16 2 0
github.com/yourname/radio_review_go/pkg/radiko/client.go:96.16,98.3 1 0
github.com/yourname/radio_review_go/pkg/radiko/client.go:99.2,100.16 2 0
github.com/yourname/radio_review_go/pkg/radiko/client.go:100.16,102.3 1 0
github.com/yourname/radio_review_go/pkg/radiko/client.go:106.2,107.16 2 0
github.com/yourname/radio_review_go/pkg/radiko/client.go:107.16,109.3 1 0
github.com/yourname/radio_review_go/pkg/radiko/client.go:111.2,112.16 2 0
github.com/yourname/radio_review_go/pkg/radiko/client.go:112.16,114.3 1 0
github.com/yourname/radio_review_go/pkg/radiko/client.go:116.2,116.45 1 0
github.com/yourname/radio_review_go/pkg/radiko/client.go:116.45,119.3 1 0
github.com/yourname/radio_review_go/pkg/radiko/client.go:121.2,126.16 4 0
github.com/yourname/radio_review_go/pkg/radiko/client.go:126.16,128.3 1 0
github.com/yourname/radio_review_go/pkg/radiko/client.go:129.2,135.16 6 0
github.com/yourname/radio_review_go/pkg/radiko/client.go:135.16,137.3 1 0
github.com/yourname/radio_review_go/pkg/radiko/client.go:138.2,140.39 2 0
github.com/yourname/radio_review_go/pkg/radiko/client.go:140.39,142.3 1 0
github.com/yourname/radio_review_go/pkg/radiko/client.go:144.2,145.16 2 0
github.com/yourname/radio_review_go/pkg/radiko/client.go:145.16,147.3 1 0
github.com/yourname/radio_review_go/pkg/radiko/client.go:150.2,152.20 3 0
github.com/yourname/radio_review_go/pkg/radiko/client.go:152.20,154.3 1 0
github.com/yourname/radio_review_go/pkg/radiko/client.go:158.2,158.86 1 0
github.com/yourname/radio_review_go/pkg/radiko/client.go:158.86,161.3 1 0
github.com/yourname/radio_review_go/pkg/radiko/client.go:163.2,163.23 1 0
github.com/yourname/radio_review_go/pkg/radiko/hls.go:31.73,32.22 1 1
github.com/yourname/radio_review_go/pkg/radiko/hls.go:32.22,34.3 1 1
github.com/yourname/radio_review_go/pkg/radiko/hls.go:35.2,38.3 1 1
github.com/yourname/radio_review_go/pkg/radiko/hls.go:42.137,51.16 3 0
github.com/yourname/radio_review_go/pkg/radiko/hls.go:51.16,53.3 1 0
github.com/yourname/radio_review_go/pkg/radiko/hls.go:54.2,54.27 1 0
github.com/yourname/radio_review_go/pkg/radiko/hls.go:54.27,56.3 1 0
github.com/yourname/radio_review_go/pkg/radiko/hls.go:59.2,63.32 4 0
github.com/yourname/radio_review_go/pkg/radiko/hls.go:63.32,65.21 2 0
github.com/yourname/radio_review_go/pkg/radiko/hls.go:65.21,66.47 1 0
github.com/yourname/radio_review_go/pkg/radiko/hls.go:66.47,68.5 1 0
github.com/yourname/radio_review_go/pkg/radiko/hls.go:69.4,72.18 3 0
github.com/yourname/radio_review_go/pkg/radiko/hls.go:72.18,74.5 1 0
github.com/yourname/radio_review_go/pkg/radiko/hls.go:75.4,76.14 2 0
github.com/yourname/radio_review_go/pkg/radiko/hls.go:80.2,80.33 1 0
github.com/yourname/radio_review_go/pkg/radiko/hls.go:80.33,82.3 1 0
github.com/yourname/radio_review_go/pkg/radiko/hls.go:85.2,86.16 2 0
github.com/yourname/radio_review_go/pkg/radiko/hls.go:86.16,88.3 1 0
github.com/yourname/radio_review_go/pkg/radiko/hls.go:89.2,91.31 2 0
github.com/yourname/radio_review_go/pkg/radiko/hls.go:91.31,92.42 1 0
github.com/yourname/radio_review_go/pkg/radiko/hls.go:92.42,94.4 1 0
github.com/yourname/radio_review_go/pkg/radiko/hls.go:97.2,97.12 1 0
github.com/yourname/radio_review_go/pkg/radiko/hls.go:102.112,104.16 2 1
github.com/yourname/radio_review_go/pkg/radiko/hls.go:104.16,106.3 1 0
github.com/yourname/radio_review_go/pkg/radiko/hls.go:107.2,110.16 3 1
github.com/yourname/radio_review_go/pkg/radiko/hls.go:110.16,112.3 1 0
github.com/yourname/radio_review_go/pkg/radiko/hls.go:113.2,115.38 2 1
github.com/yourname/radio_review_go/pkg/radiko/hls.go:115.38,117.3 1 1
github.com/yourname/radio_review_go/pkg/radiko/hls.go:119.2,120.16 2 1
github.com/yourname/radio_review_go/pkg/radiko/hls.go:120.16,122.3 1 0
github.com/yourname/radio_review_go/pkg/radiko/hls.go:124.2,126.21 3 1
github.com/yourname/radio_review_go/pkg/radiko/hls.go:126.21,129.49 2 1
github.com/yourname/radio_review_go/pkg/radiko/hls.go:129.49,130.12 1 1
github.com/yourname/radio_review_go/pkg/radiko/hls.go:133.3,134.17 2 1
github.com/yourname/radio_review_go/pkg/radiko/hls.go:134.17,136.4 1 0
github.com/yourname/radio_review_go/pkg/radiko/hls.go:137.3,137.38 1 1
github.com/yourname/radio_review_go/pkg/radiko/hls.go:139.2,139.38 1 1
github.com/yourname/radio_review_go/pkg/radiko/hls.go:139.38,141.3 1 0
github.com/yourname/radio_review_go/pkg/radiko/hls.go:143.2,143.22 1 1
github.com/yourname/radio_review_go/pkg/radiko/hls.go:147.101,149.16 2 1
github.com/yourname/radio_review_go/pkg/radiko/hls.go:149.16,151.3 1 0
github.com/yourname/radio_review_go/pkg/radiko/hls.go:152.2,155.16 3 1
github.com/yourname/radio_review_go/pkg/radiko/hls.go:155.16,157.3 1 0
github.com/yourname/radio_review_go/pkg/radiko/hls.go:158.2,160.38 2 1
github.com/yourname/radio_review_go/pkg/radiko/hls.go:160.38,162.3 1 1
github.com/yourname/radio_review_go/pkg/radiko/hls.go:164.2,165.16 2 1
github.com/yourname/radio_review_go/pkg/radiko/hls.go:165.16,167.3 1 0
github.com/yourname/radio_review_go/pkg/radiko/hls.go:168.2,168.18 1 1
github.com/yourname/radio_review_go/pkg/radiko/hls.go:172.63,174.16 2 1
github.com/yourname/radio_review_go/pkg/radiko/hls.go:174.16,176.3 1 0
github.com/yourname/radio_review_go/pkg/radiko/hls.go:177.2,177.49 1 1
github.com/yourname/radio_review_go/internal/middleware/auth.go:21.72,22.46 1 1
github.com/yourname/radio_review_go/internal/middleware/auth.go:22.46,23.72 1 1
github.com/yourname/radio_review_go/internal/middleware/auth.go:23.72,25.18 2 1
github.com/yourname/radio_review_go/internal/middleware/auth.go:25.18,28.5 2 0
github.com/yourname/radio_review_go/internal/middleware/auth.go:30.4,31.11 2 1
github.com/yourname/radio_review_go/internal/middleware/auth.go:31.11,34.5 2 1
github.com/yourname/radio_review_go/internal/middleware/auth.go:36.4,37.11 2 1
github.com/yourname/radio_review_go/internal/middleware/auth.go:37.11,40.5 2 0
github.com/yourname/radio_review_go/internal/middleware/auth.go:42.4,43.41 2 1
github.com/yourname/radio_review_go/internal/middleware/auth.go:50.51,53.2 2 1
github.com/yourname/radio_review_go/internal/middleware/auth.go:56.105,58.16 2 1
github.com/yourname/radio_review_go/internal/middleware/auth.go:58.16,60.3 1 0
github.com/yourname/radio_review_go/internal/middleware/auth.go:62.2,63.27 2 1
github.com/yourname/radio_review_go/internal/middleware/auth.go:68.87,70.16 2 1
github.com/yourname/radio_review_go/internal/middleware/auth.go:70.16,72.3 1 0
github.com/yourname/radio_review_go/internal/middleware/auth.go:74.2,76.27 3 1
github.com/yourname/radio_review_go/internal/middleware/rate_limit.go:30.81,33.46 2 1
github.com/yourname/radio_review_go/internal/middleware/rate_limit.go:33.46,34.72 1 1
github.com/yourname/radio_review_go/internal/middleware/rate_limit.go:34.72,42.30 6 1
github.com/yourname/radio_review_go/internal/middleware/rate_limit.go:42.30,46.5 2 1
github.com/yourname/radio_review_go/internal/middleware/rate_limit.go:47.4,51.21 4 1
github.com/yourname/radio_review_go/internal/middleware/rate_limit.go:51.21,54.5 2 1
github.com/yourname/radio_review_go/internal/middleware/rate_limit.go:56.4,56.24 1 1
github.com/yourname/radio_review_go/internal/middleware/rate_limit.go:63.40,64.55 1 1
github.com/yourname/radio_review_go/internal/middleware/rate_limit.go:64.55,68.15 3 1
github.com/yourname/radio_review_go/internal/middleware/rate_limit.go:68.15,70.4 1 1
github.com/yourname/radio_review_go/internal/middleware/rate_limit.go:73.2,74.16 2 1
github.com/yourname/radio_review_go/internal/middleware/rate_limit.go:74.16,77.3 1 0
github.com/yourname/radio_review_go/internal/middleware/rate_limit.go:78.2,78.11 1 1
github.com/yourname/radio_review_go/internal/middleware/security_headers.go:16.38,18.40 2 1
github.com/yourname/radio_review_go/internal/middleware/security_headers.go:18.40,20.3 1 0
github.com/yourname/radio_review_go/internal/middleware/security_headers.go:21.2,21.50 1 1
github.com/yourname/radio_review_go/internal/middleware/security_headers.go:27.54,28.71 1 1
github.com/yourname/radio_review_go/internal/middleware/security_headers.go:28.71,30.17 2 1
github.com/yourname/radio_review_go/internal/middleware/security_headers.go:30.17,33.4 2 0
github.com/yourname/radio_review_go/internal/middleware/security_headers.go:35.3,47.40 8 1
github.com/yourname/radio_review_go/internal/middleware/security_headers.go:53.43,56.2 2 1
github.com/yourname/radio_review_go/internal/repository/favorite_program.go:14.75,16.2 1 0
github.com/yourname/radio_review_go/internal/repository/favorite_program.go:18.95,24.16 3 0
github.com/yourname/radio_review_go/internal/repository/favorite_program.go:24.16,26.3 1 0
github.com/yourname/radio_review_go/internal/repository/favorite_program.go:27.2,27.18 1 0
github.com/yourname/radio_review_go/internal/repository/favorite_program.go:30.123,33.25 3 0
github.com/yourname/radio_review_go/internal/repository/favorite_program.go:33.25,39.3 1 0
github.com/yourname/radio_review_go/internal/repository/favorite_program.go:39.8,45.3 1 0
github.com/yourname/radio_review_go/internal/repository/favorite_program.go:46.2,46.16 1 0
github.com/yourname/radio_review_go/internal/repository/favorite_program.go:46.16,48.3 1 0
github.com/yourname/radio_review_go/internal/repository/favorite_program.go:49.2,49.23 1 0
github.com/yourname/radio_review_go/internal/repository/favorite_program.go:52.87,58.16 2 0
github.com/yourname/radio_review_go/internal/repository/favorite_program.go:58.16,60.3 1 0
github.com/yourname/radio_review_go/internal/repository/favorite_program.go:61.2,62.16 2 0
github.com/yourname/radio_review_go/internal/repository/favorite_program.go:62.16,64.3 1 0
github.com/yourname/radio_review_go/internal/repository/favorite_program.go:65.2,65.16 1 0
github.com/yourname/radio_review_go/internal/repository/favorite_program.go:68.115,70.25 2 0
github.com/yourname/radio_review_go/internal/repository/favorite_program.go:70.25,76.3 1 0
github.com/yourname/radio_review_go/internal/repository/favorite_program.go:76.8,82.3 1 0
github.com/yourname/radio_review_go/internal/repository/favorite_program.go:83.2,83.16 1 0
github.com/yourname/radio_review_go/internal/repository/favorite_program.go:83.16,85.3 1 0
github.com/yourname/radio_review_go/internal/repository/favorite_program.go:86.2,86.12 1 0
github.com/yourname/radio_review_go/internal/repository/notification.go:14.69,16.2 1 0
github.com/yourname/radio_review_go/internal/repository/notification.go:18.95,26.16 3 0
github.com/yourname/radio_review_go/internal/repository/notification.go:26.16,28.3 1 0
github.com/yourname/radio_review_go/internal/repository/notification.go:29.2,29.27 1 0
github.com/yourname/radio_review_go/internal/repository/notification.go:32.92,38.16 3 0
github.com/yourname/radio_review_go/internal/repository/notification.go:38.16,40.3 1 0
github.com/yourname/radio_review_go/internal/repository/notification.go:41.2,41.27 1 0
github.com/yourname/radio_review_go/internal/repository/notification.go:44.69,51.16 2 0
github.com/yourname/radio_review_go/internal/repository/notification.go:51.16,53.3 1 0
github.com/yourname/radio_review_go/internal/repository/notification.go:54.2,54.12 1 0
github.com/yourname/radio_review_go/internal/repository/notification.go:57.68,64.16 2 0
github.com/yourname/radio_review_go/internal/repository/notification.go:64.16,66.3 1 0
github.com/yourname/radio_review_go/internal/repository/notification.go:67.2,67.12 1 0
github.com/yourname/radio_review_go/internal/repository/password_reset.go:14.71,16.2 1 0
github.com/yourname/radio_review_go/internal/repository/password_reset.go:19.67,23.16 2 0
github.com/yourname/radio_review_go/internal/repository/password_reset.go:23.16,25.3 1 0
github.com/yourname/radio_review_go/internal/repository/password_reset.go:26.2,30.12 2 0
github.com/yourname/radio_review_go/internal/repository/password_reset.go:34.91,40.16 3 0
github.com/yourname/radio_review_go/internal/repository/password_reset.go:40.16,42.3 1 0
github.com/yourname/radio_review_go/internal/repository/password_reset.go:43.2,43.17 1 0
github.com/yourname/radio_review_go/internal/repository/password_reset.go:47.62,50.2 2 0
github.com/yourname/radio_review_go/internal/repository/post.go:15.53,17.2 1 0
github.com/yourname/radio_review_go/internal/repository/post.go:19.75,25.16 3 0
github.com/yourname/radio_review_go/internal/repository/post.go:25.16,27.3 1 0
github.com/yourname/radio_review_go/internal/repository/post.go:28.2,28.19 1 0
github.com/yourname/radio_review_go/internal/repository/post.go:31.47,34.16 3 0
github.com/yourname/radio_review_go/internal/repository/post.go:34.16,36.3 1 0
github.com/yourname/radio_review_go/internal/repository/post.go:37.2,37.19 1 0
github.com/yourname/radio_review_go/internal/repository/post.go:40.113,46.16 3 0
github.com/yourname/radio_review_go/internal/repository/post.go:46.16,48.3 1 0
github.com/yourname/radio_review_go/internal/repository/post.go:49.2,49.19 1 0
github.com/yourname/radio_review_go/internal/repository/post.go:52.86,58.16 3 0
github.com/yourname/radio_review_go/internal/repository/post.go:58.16,60.3 1 0
github.com/yourname/radio_review_go/internal/repository/post.go:61.2,61.19 1 0
github.com/yourname/radio_review_go/internal/repository/post.go:64.92,70.16 3 0
github.com/yourname/radio_review_go/internal/repository/post.go:70.16,72.3 1 0
github.com/yourname/radio_review_go/internal/repository/post.go:73.2,73.19 1 0
github.com/yourname/radio_review_go/internal/repository/post.go:76.65,82.16 3 0
github.com/yourname/radio_review_go/internal/repository/post.go:82.16,84.3 1 0
github.com/yourname/radio_review_go/internal/repository/post.go:85.2,85.19 1 0
github.com/yourname/radio_review_go/internal/repository/post.go:88.66,91.16 3 0
github.com/yourname/radio_review_go/internal/repository/post.go:91.16,93.3 1 0
github.com/yourname/radio_review_go/internal/repository/post.go:94.2,94.19 1 0
github.com/yourname/radio_review_go/internal/repository/post.go:99.112,106.16 6 0
github.com/yourname/radio_review_go/internal/repository/post.go:106.16,108.3 1 0
github.com/yourname/radio_review_go/internal/repository/post.go:109.2,109.19 1 0
github.com/yourname/radio_review_go/internal/repository/post.go:112.85,117.16 4 0
github.com/yourname/radio_review_go/internal/repository/post.go:117.16,119.3 1 0
github.com/yourname/radio_review_go/internal/repository/post.go:120.2,120.19 1 0
github.com/yourname/radio_review_go/internal/repository/post.go:124.104,131.39 5 0
github.com/yourname/radio_review_go/internal/repository/post.go:131.39,134.3 2 0
github.com/yourname/radio_review_go/internal/repository/post.go:136.2,136.47 1 0
github.com/yourname/radio_review_go/internal/repository/post.go:136.47,139.3 2 0
github.com/yourname/radio_review_go/internal/repository/post.go:141.2,141.47 1 0
github.com/yourname/radio_review_go/internal/repository/post.go:141.47,144.3 2 0
github.com/yourname/radio_review_go/internal/repository/post.go:146.2,146.43 1 0
github.com/yourname/radio_review_go/internal/repository/post.go:146.43,150.3 3 0
github.com/yourname/radio_review_go/internal/repository/post.go:152.2,153.20 2 0
github.com/yourname/radio_review_go/internal/repository/post.go:153.20,155.3 1 0
github.com/yourname/radio_review_go/internal/repository/post.go:156.2,156.21 1 0
github.com/yourname/radio_review_go/internal/repository/post.go:156.21,158.3 1 0
github.com/yourname/radio_review_go/internal/repository/post.go:160.2,160.20 1 0
github.com/yourname/radio_review_go/internal/repository/post.go:163.66,171.16 2 0
github.com/yourname/radio_review_go/internal/repository/post.go:171.16,173.3 1 0
github.com/yourname/radio_review_go/internal/repository/post.go:174.2,175.16 2 0
github.com/yourname/radio_review_go/internal/repository/post.go:175.16,177.3 1 0
github.com/yourname/radio_review_go/internal/repository/post.go:178.2,178.16 1 0
github.com/yourname/radio_review_go/internal/repository/post.go:181.57,188.16 2 0
github.com/yourname/radio_review_go/internal/repository/post.go:188.16,190.3 1 0
github.com/yourname/radio_review_go/internal/repository/post.go:191.2,191.12 1 0
github.com/yourname/radio_review_go/internal/repository/post.go:194.49,196.16 2 0
github.com/yourname/radio_review_go/internal/repository/post.go:196.16,198.3 1 0
github.com/yourname/radio_review_go/internal/repository/post.go:199.2,199.12 1 0
github.com/yourname/radio_review_go/internal/repository/post.go:202.74,208.16 3 0
github.com/yourname/radio_review_go/internal/repository/post.go:208.16,210.3 1 0
github.com/yourname/radio_review_go/internal/repository/post.go:211.2,211.17 1 0
github.com/yourname/radio_review_go/internal/repository/post_comment.go:14.67,16.2 1 0
github.com/yourname/radio_review_go/internal/repository/post_comment.go:18.87,24.16 3 0
github.com/yourname/radio_review_go/internal/repository/post_comment.go:24.16,26.3 1 0
github.com/yourname/radio_review_go/internal/repository/post_comment.go:27.2,27.22 1 0
github.com/yourname/radio_review_go/internal/repository/post_comment.go:30.80,33.16 3 0
github.com/yourname/radio_review_go/internal/repository/post_comment.go:33.16,35.3 1 0
github.com/yourname/radio_review_go/internal/repository/post_comment.go:36.2,36.16 1 0
github.com/yourname/radio_review_go/internal/repository/post_comment.go:39.83,45.16 2 0
github.com/yourname/radio_review_go/internal/repository/post_comment.go:45.16,47.3 1 0
github.com/yourname/radio_review_go/internal/repository/post_comment.go:48.2,49.16 2 0
github.com/yourname/radio_review_go/internal/repository/post_comment.go:49.16,51.3 1 0
github.com/yourname/radio_review_go/internal/repository/post_comment.go:53.2,57.16 2 0
github.com/yourname/radio_review_go/internal/repository/post_comment.go:57.16,59.3 1 0
github.com/yourname/radio_review_go/internal/repository/post_comment.go:60.2,60.16 1 0
github.com/yourname/radio_review_go/internal/repository/post_comment.go:63.56,67.16 3 0
github.com/yourname/radio_review_go/internal/repository/post_comment.go:67.16,69.3 1 0
github.com/yourname/radio_review_go/internal/repository/post_comment.go:71.2,72.16 2 0
github.com/yourname/radio_review_go/internal/repository/post_comment.go:72.16,74.3 1 0
github.com/yourname/radio_review_go/internal/repository/post_comment.go:76.2,80.16 2 0
github.com/yourname/radio_review_go/internal/repository/post_comment.go:80.16,82.3 1 0
github.com/yourname/radio_review_go/internal/repository/post_comment.go:83.2,83.12 1 0
github.com/yourname/radio_review_go/internal/repository/post_like.go:13.61,15.2 1 0
github.com/yourname/radio_review_go/internal/repository/post_like.go:17.73,23.16 3 0
github.com/yourname/radio_review_go/internal/repository/post_like.go:23.16,25.3 1 0
github.com/yourname/radio_review_go/internal/repository/post_like.go:26.2,26.23 1 0
github.com/yourname/radio_review_go/internal/repository/post_like.go:29.65,35.16 2 0
github.com/yourname/radio_review_go/internal/repository/post_like.go:35.16,37.3 1 0
github.com/yourname/radio_review_go/internal/repository/post_like.go:39.2,43.16 2 0
github.com/yourname/radio_review_go/internal/repository/post_like.go:43.16,45.3 1 0
github.com/yourname/radio_review_go/internal/repository/post_like.go:46.2,46.12 1 0
github.com/yourname/radio_review_go/internal/repository/post_like.go:49.65,54.16 2 0
github.com/yourname/radio_review_go/internal/repository/post_like.go:54.16,56.3 1 0
github.com/yourname/radio_review_go/internal/repository/post_like.go:58.2,62.16 2 0
github.com/yourname/radio_review_go/internal/repository/post_like.go:62.16,64.3 1 0
github.com/yourname/radio_review_go/internal/repository/post_like.go:65.2,65.12 1 0
github.com/yourname/radio_review_go/internal/repository/post_like.go:68.69,74.16 3 0
github.com/yourname/radio_review_go/internal/repository/post_like.go:74.16,76.3 1 0
github.com/yourname/radio_review_go/internal/repository/post_like.go:77.2,77.19 1 0
github.com/yourname/radio_review_go/internal/repository/post_tag.go:14.59,16.2 1 0
github.com/yourname/radio_review_go/internal/repository/post_tag.go:18.64,21.16 3 0
github.com/yourname/radio_review_go/internal/repository/post_tag.go:21.16,23.3 1 0
github.com/yourname/radio_review_go/internal/repository/post_tag.go:24.2,24.18 1 0
github.com/yourname/radio_review_go/internal/repository/post_tag.go:27.72,30.16 3 0
github.com/yourname/radio_review_go/internal/repository/post_tag.go:30.16,32.3 1 0
github.com/yourname/radio_review_go/internal/repository/post_tag.go:33.2,33.18 1 0
github.com/yourname/radio_review_go/internal/repository/post_tag.go:36.81,45.16 3 0
github.com/yourname/radio_review_go/internal/repository/post_tag.go:45.16,47.3 1 0
github.com/yourname/radio_review_go/internal/repository/post_tag.go:48.2,48.18 1 0
github.com/yourname/radio_review_go/internal/repository/post_tag.go:51.69,57.16 2 0
github.com/yourname/radio_review_go/internal/repository/post_tag.go:57.16,59.3 1 0
github.com/yourname/radio_review_go/internal/repository/post_tag.go:60.2,60.12 1 0
github.com/yourname/radio_review_go/internal/repository/post_tag.go:63.71,68.16 2 0
github.com/yourname/radio_review_go/internal/repository/post_tag.go:68.16,70.3 1 0
github.com/yourname/radio_review_go/internal/repository/post_tag.go:71.2,71.12 1 0
github.com/yourname/radio_review_go/internal/repository/radio_program.go:14.69,16.2 1 0
github.com/yourname/radio_review_go/internal/repository/radio_program.go:18.82,21.16 3 0
github.com/yourname/radio_review_go/internal/repository/radio_program.go:21.16,23.3 1 0
github.com/yourname/radio_review_go/internal/repository/radio_program.go:24.2,24.16 1 0
github.com/yourname/radio_review_go/internal/repository/radio_program.go:27.110,33.16 3 0
github.com/yourname/radio_review_go/internal/repository/radio_program.go:33.16,35.3 1 0
github.com/yourname/radio_review_go/internal/repository/radio_program.go:36.2,36.16 1 0
github.com/yourname/radio_review_go/internal/repository/radio_program.go:39.113,45.16 3 0
github.com/yourname/radio_review_go/internal/repository/radio_program.go:45.16,47.3 1 0
github.com/yourname/radio_review_go/internal/repository/radio_program.go:48.2,48.22 1 0
github.com/yourname/radio_review_go/internal/repository/radio_program.go:51.109,57.16 3 0
github.com/yourname/radio_review_go/internal/repository/radio_program.go:57.16,59.3 1 0
github.com/yourname/radio_review_go/internal/repository/radio_program.go:60.2,60.22 1 0
github.com/yourname/radio_review_go/internal/repository/radio_program.go:63.76,69.16 3 0
github.com/yourname/radio_review_go/internal/repository/radio_program.go:69.16,71.3 1 0
github.com/yourname/radio_review_go/internal/repository/radio_program.go:72.2,72.19 1 0
github.com/yourname/radio_review_go/internal/repository/radio_program.go:75.91,81.16 3 0
github.com/yourname/radio_review_go/internal/repository/radio_program.go:81.16,83.3 1 0
github.com/yourname/radio_review_go/internal/repository/radio_program.go:84.2,84.22 1 0
github.com/yourname/radio_review_go/internal/repository/radio_program.go:87.58,90.16 3 0
github.com/yourname/radio_review_go/internal/repository/radio_program.go:90.16,92.3 1 0
github.com/yourname/radio_review_go/internal/repository/radio_program.go:93.2,93.19 1 0
github.com/yourname/radio_review_go/internal/repository/radio_program.go:98.85,107.16 2 0
github.com/yourname/radio_review_go/internal/repository/radio_program.go:107.16,109.3 1 0
github.com/yourname/radio_review_go/internal/repository/radio_program.go:110.2,111.16 2 0
github.com/yourname/radio_review_go/internal/repository/radio_program.go:111.16,113.3 1 0
github.com/yourname/radio_review_go/internal/repository/radio_program.go:115.2,115.13 1 0
github.com/yourname/radio_review_go/internal/repository/radio_program.go:115.13,120.17 2 0
github.com/yourname/radio_review_go/internal/repository/radio_program.go:120.17,122.4 1 0
github.com/yourname/radio_review_go/internal/repository/radio_program.go:123.3,123.19 1 0
github.com/yourname/radio_review_go/internal/repository/radio_program.go:125.2,125.16 1 0
github.com/yourname/radio_review_go/internal/repository/recording_schedule.go:14.79,16.2 1 0
github.com/yourname/radio_review_go/internal/repository/recording_schedule.go:18.99,24.16 3 0
github.com/yourname/radio_review_go/internal/repository/recording_schedule.go:24.16,26.3 1 0
github.com/yourname/radio_review_go/internal/repository/recording_schedule.go:27.2,27.23 1 0
github.com/yourname/radio_review_go/internal/repository/recording_schedule.go:30.92,33.16 3 0
github.com/yourname/radio_review_go/internal/repository/recording_schedule.go:33.16,35.3 1 0
github.com/yourname/radio_review_go/internal/repository/recording_schedule.go:36.2,36.16 1 0
github.com/yourname/radio_review_go/internal/repository/recording_schedule.go:41.102,49.16 3 0
github.com/yourname/radio_review_go/internal/repository/recording_schedule.go:49.16,51.3 1 0
github.com/yourname/radio_review_go/internal/repository/recording_schedule.go:52.2,52.23 1 0
github.com/yourname/radio_review_go/internal/repository/recording_schedule.go:55.89,65.16 2 0
github.com/yourname/radio_review_go/internal/repository/recording_schedule.go:65.16,67.3 1 0
github.com/yourname/radio_review_go/internal/repository/recording_schedule.go:68.2,69.16 2 0
github.com/yourname/radio_review_go/internal/repository/recording_schedule.go:69.16,71.3 1 0
github.com/yourname/radio_review_go/internal/repository/recording_schedule.go:72.2,72.16 1 0
github.com/yourname/radio_review_go/internal/repository/recording_schedule.go:75.99,80.16 2 0
github.com/yourname/radio_review_go/internal/repository/recording_schedule.go:80.16,82.3 1 0
github.com/yourname/radio_review_go/internal/repository/recording_schedule.go:83.2,83.12 1 0
github.com/yourname/radio_review_go/internal/repository/recording_schedule.go:86.90,91.16 2 0
github.com/yourname/radio_review_go/internal/repository/recording_schedule.go:91.16,93.3 1 0
github.com/yourname/radio_review_go/internal/repository/recording_schedule.go:94.2,94.12 1 0
github.com/yourname/radio_review_go/internal/repository/recording_schedule.go:97.62,102.16 2 0
github.com/yourname/radio_review_go/internal/repository/recording_schedule.go:102.16,104.3 1 0
github.com/yourname/radio_review_go/internal/repository/recording_schedule.go:105.2,105.12 1 0
github.com/yourname/radio_review_go/internal/repository/user.go:14.53,16.2 1 0
github.com/yourname/radio_review_go/internal/repository/user.go:18.66,21.16 3 0
github.com/yourname/radio_review_go/internal/repository/user.go:21.16,23.3 1 0
github.com/yourname/radio_review_go/internal/repository/user.go:24.2,24.16 1 0
github.com/yourname/radio_review_go/internal/repository/user.go:27.73,30.16 3 0
github.com/yourname/radio_review_go/internal/repository/user.go:30.16,32.3 1 0
github.com/yourname/radio_review_go/internal/repository/user.go:33.2,33.16 1 0
github.com/yourname/radio_review_go/internal/repository/user.go:36.66,42.16 2 0
github.com/yourname/radio_review_go/internal/repository/user.go:42.16,44.3 1 0
github.com/yourname/radio_review_go/internal/repository/user.go:45.2,46.16 2 0
github.com/yourname/radio_review_go/internal/repository/user.go:46.16,48.3 1 0
github.com/yourname/radio_review_go/internal/repository/user.go:49.2,49.16 1 0
github.com/yourname/radio_review_go/internal/repository/user.go:52.57,58.16 2 0
github.com/yourname/radio_review_go/internal/repository/user.go:58.16,60.3 1 0
github.com/yourname/radio_review_go/internal/repository/user.go:61.2,61.12 1 0
github.com/yourname/radio_review_go/internal/service/favorite.go:17.97,21.2 1 1
github.com/yourname/radio_review_go/internal/service/favorite.go:24.84,26.16 2 0
github.com/yourname/radio_review_go/internal/service/favorite.go:26.16,28.3 1 0
github.com/yourname/radio_review_go/internal/service/favorite.go:29.2,29.18 1 0
github.com/yourname/radio_review_go/internal/service/favorite.go:33.128,35.16 2 1
github.com/yourname/radio_review_go/internal/service/favorite.go:35.16,37.3 1 1
github.com/yourname/radio_review_go/internal/service/favorite.go:38.2,38.12 1 1
github.com/yourname/radio_review_go/internal/service/favorite.go:38.12,40.3 1 1
github.com/yourname/radio_review_go/internal/service/favorite.go:42.2,50.16 3 1
github.com/yourname/radio_review_go/internal/service/favorite.go:50.16,52.3 1 0
github.com/yourname/radio_review_go/internal/service/favorite.go:53.2,55.17 2 1
github.com/yourname/radio_review_go/internal/service/favorite.go:59.105,60.88 1 1
github.com/yourname/radio_review_go/internal/service/favorite.go:60.88,62.3 1 1
github.com/yourname/radio_review_go/internal/service/favorite.go:63.2,63.12 1 1
github.com/yourname/radio_review_go/internal/service/favorite.go:67.112,69.16 2 1
github.com/yourname/radio_review_go/internal/service/favorite.go:69.16,71.3 1 0
github.com/yourname/radio_review_go/internal/service/favorite.go:72.2,72.20 1 1
github.com/yourname/radio_review_go/internal/service/notification.go:14.99,16.2 1 1
github.com/yourname/radio_review_go/internal/service/notification.go:19.85,21.2 1 1
github.com/yourname/radio_review_go/internal/service/notification.go:24.82,26.2 1 0
github.com/yourname/radio_review_go/internal/service/notification.go:29.78,31.2 1 1
github.com/yourname/radio_review_go/internal/service/notification.go:34.65,36.2 1 1
github.com/yourname/radio_review_go/internal/service/password_reset.go:39.25,44.2 1 1
github.com/yourname/radio_review_go/internal/service/password_reset.go:47.66,50.31 2 1
github.com/yourname/radio_review_go/internal/service/password_reset.go:50.31,53.3 2 1
github.com/yourname/radio_review_go/internal/service/password_reset.go:56.2,57.40 2 1
github.com/yourname/radio_review_go/internal/service/password_reset.go:57.40,59.3 1 0
github.com/yourname/radio_review_go/internal/service/password_reset.go:60.2,62.55 2 1
github.com/yourname/radio_review_go/internal/service/password_reset.go:62.55,64.3 1 1
github.com/yourname/radio_review_go/internal/service/password_reset.go:67.2,68.18 2 1
github.com/yourname/radio_review_go/internal/service/password_reset.go:68.18,70.3 1 1
github.com/yourname/radio_review_go/internal/service/password_reset.go:71.2,74.12 3 1
github.com/yourname/radio_review_go/internal/service/password_reset.go:78.103,79.56 1 1
github.com/yourname/radio_review_go/internal/service/password_reset.go:79.56,81.3 1 0
github.com/yourname/radio_review_go/internal/service/password_reset.go:82.2,82.44 1 1
github.com/yourname/radio_review_go/internal/service/password_reset.go:82.44,84.3 1 1
github.com/yourname/radio_review_go/internal/service/password_reset.go:85.2,85.26 1 1
github.com/yourname/radio_review_go/internal/service/password_reset.go:85.26,87.3 1 1
github.com/yourname/radio_review_go/internal/service/password_reset.go:90.2,91.29 2 1
github.com/yourname/radio_review_go/internal/service/password_reset.go:91.29,93.3 1 1
github.com/yourname/radio_review_go/internal/service/password_reset.go:96.2,96.23 1 1
github.com/yourname/radio_review_go/internal/service/password_reset.go:96.23,98.3 1 1
github.com/yourname/radio_review_go/internal/service/password_reset.go:101.2,101.49 1 1
github.com/yourname/radio_review_go/internal/service/password_reset.go:101.49,104.3 2 1
github.com/yourname/radio_review_go/internal/service/password_reset.go:107.2,108.31 2 1
github.com/yourname/radio_review_go/internal/service/password_reset.go:108.31,110.3 1 0
github.com/yourname/radio_review_go/internal/service/password_reset.go:113.2,114.16 2 1
github.com/yourname/radio_review_go/internal/service/password_reset.go:114.16,116.3 1 0
github.com/yourname/radio_review_go/internal/service/password_reset.go:118.2,119.48 2 1
github.com/yourname/radio_review_go/internal/service/password_reset.go:119.48,121.3 1 0
github.com/yourname/radio_review_go/internal/service/password_reset.go:124.2,126.12 2 1
github.com/yourname/radio_review_go/internal/service/post.go:23.16,29.2 1 1
github.com/yourname/radio_review_go/internal/service/post.go:32.81,33.14 1 1
github.com/yourname/radio_review_go/internal/service/post.go:33.14,35.3 1 1
github.com/yourname/radio_review_go/internal/service/post.go:36.2,39.16 3 1
github.com/yourname/radio_review_go/internal/service/post.go:39.16,41.3 1 1
github.com/yourname/radio_review_go/internal/service/post.go:43.2,44.16 2 1
github.com/yourname/radio_review_go/internal/service/post.go:44.16,46.3 1 0
github.com/yourname/radio_review_go/internal/service/post.go:48.2,48.26 1 1
github.com/yourname/radio_review_go/internal/service/post.go:52.119,53.14 1 0
github.com/yourname/radio_review_go/internal/service/post.go:53.14,55.3 1 0
github.com/yourname/radio_review_go/internal/service/post.go:56.2,59.16 3 0
github.com/yourname/radio_review_go/internal/service/post.go:59.16,61.3 1 0
github.com/yourname/radio_review_go/internal/service/post.go:63.2,64.16 2 0
github.com/yourname/radio_review_go/internal/service/post.go:64.16,66.3 1 0
github.com/yourname/radio_review_go/internal/service/post.go:68.2,68.26 1 0
github.com/yourname/radio_review_go/internal/service/post.go:72.98,73.14 1 1
github.com/yourname/radio_review_go/internal/service/post.go:73.14,75.3 1 0
github.com/yourname/radio_review_go/internal/service/post.go:76.2,79.16 3 1
github.com/yourname/radio_review_go/internal/service/post.go:79.16,81.3 1 0
github.com/yourname/radio_review_go/internal/service/post.go:83.2,84.16 2 1
github.com/yourname/radio_review_go/internal/service/post.go:84.16,86.3 1 0
github.com/yourname/radio_review_go/internal/service/post.go:88.2,88.26 1 1
github.com/yourname/radio_review_go/internal/service/post.go:94.98,101.16 5 1
github.com/yourname/radio_review_go/internal/service/post.go:101.16,108.23 3 1
github.com/yourname/radio_review_go/internal/service/post.go:108.23,110.4 1 0
github.com/yourname/radio_review_go/internal/service/post.go:111.3,111.17 1 1
github.com/yourname/radio_review_go/internal/service/post.go:112.8,114.3 1 1
github.com/yourname/radio_review_go/internal/service/post.go:116.2,120.36 4 1
github.com/yourname/radio_review_go/internal/service/post.go:121.15,122.13 1 1
github.com/yourname/radio_review_go/internal/service/post.go:123.15,124.22 1 0
github.com/yourname/radio_review_go/internal/service/post.go:125.11,126.22 1 0
github.com/yourname/radio_review_go/internal/service/post.go:127.13,128.22 1 0
github.com/yourname/radio_review_go/internal/service/post.go:131.2,140.21 2 1
github.com/yourname/radio_review_go/internal/service/post.go:140.21,142.3 1 1
github.com/yourname/radio_review_go/internal/service/post.go:144.2,145.16 2 1
github.com/yourname/radio_review_go/internal/service/post.go:145.16,147.3 1 0
github.com/yourname/radio_review_go/internal/service/post.go:148.2,151.42 2 1
github.com/yourname/radio_review_go/internal/service/post.go:151.42,152.32 1 1
github.com/yourname/radio_review_go/internal/service/post.go:153.16,154.28 1 0
github.com/yourname/radio_review_go/internal/service/post.go:154.28,156.5 1 0
github.com/yourname/radio_review_go/internal/service/post.go:157.22,158.29 1 1
github.com/yourname/radio_review_go/internal/service/post.go:158.29,159.33 1 1
github.com/yourname/radio_review_go/internal/service/post.go:160.16,161.45 1 0
github.com/yourname/radio_review_go/internal/service/post.go:162.18,163.52 1 1
github.com/yourname/radio_review_go/internal/service/post.go:169.2,169.18 1 1
github.com/yourname/radio_review_go/internal/service/post.go:173.83,175.16 2 1
github.com/yourname/radio_review_go/internal/service/post.go:175.16,177.3 1 0
github.com/yourname/radio_review_go/internal/service/post.go:180.2,180.39 1 1
github.com/yourname/radio_review_go/internal/service/post.go:180.39,182.29 2 1
github.com/yourname/radio_review_go/internal/service/post.go:183.14,184.11 1 1
github.com/yourname/radio_review_go/internal/service/post.go:185.16,186.18 1 0
github.com/yourname/radio_review_go/internal/service/post.go:187.12,188.18 1 0
github.com/yourname/radio_review_go/internal/service/post.go:190.3,190.37 1 1
github.com/yourname/radio_review_go/internal/service/post.go:190.37,192.4 1 1
github.com/yourname/radio_review_go/internal/service/post.go:195.2,195.45 1 1
github.com/yourname/radio_review_go/internal/service/post.go:195.45,197.3 1 1
github.com/yourname/radio_review_go/internal/service/post.go:198.2,198.43 1 1
github.com/yourname/radio_review_go/internal/service/post.go:198.43,200.3 1 1
github.com/yourname/radio_review_go/internal/service/post.go:201.2,201.36 1 1
github.com/yourname/radio_review_go/internal/service/post.go:202.15,203.18 1 1
github.com/yourname/radio_review_go/internal/service/post.go:204.15,205.27 1 0
github.com/yourname/radio_review_go/internal/service/post.go:206.11,207.27 1 0
github.com/yourname/radio_review_go/internal/service/post.go:208.13,209.27 1 0
github.com/yourname/radio_review_go/internal/service/post.go:212.2,212.48 1 1
github.com/yourname/radio_review_go/internal/service/post.go:212.48,214.3 1 0
github.com/yourname/radio_review_go/internal/service/post.go:217.2,217.42 1 1
github.com/yourname/radio_review_go/internal/service/post.go:217.42,220.34 2 0
github.com/yourname/radio_review_go/internal/service/post.go:220.34,222.4 1 0
github.com/yourname/radio_review_go/internal/service/post.go:224.3,224.32 1 0
github.com/yourname/radio_review_go/internal/service/post.go:225.16,226.28 1 0
github.com/yourname/radio_review_go/internal/service/post.go:226.28,228.5 1 0
github.com/yourname/radio_review_go/internal/service/post.go:229.22,230.29 1 0
github.com/yourname/radio_review_go/internal/service/post.go:230.29,231.33 1 0
github.com/yourname/radio_review_go/internal/service/post.go:232.16,233.45 1 0
github.com/yourname/radio_review_go/internal/service/post.go:234.18,235.52 1 0
github.com/yourname/radio_review_go/internal/service/post.go:241.2,241.12 1 1
github.com/yourname/radio_review_go/internal/service/post.go:245.54,246.50 1 1
github.com/yourname/radio_review_go/internal/service/post.go:246.50,248.3 1 1
github.com/yourname/radio_review_go/internal/service/post.go:249.2,249.12 1 1
github.com/yourname/radio_review_go/internal/service/post.go:253.70,255.16 2 0
github.com/yourname/radio_review_go/internal/service/post.go:255.16,257.3 1 0
github.com/yourname/radio_review_go/internal/service/post.go:258.2,258.18 1 0
github.com/yourname/radio_review_go/internal/service/post.go:263.118,264.14 1 0
github.com/yourname/radio_review_go/internal/service/post.go:264.14,266.3 1 0
github.com/yourname/radio_review_go/internal/service/post.go:267.2,270.16 3 0
github.com/yourname/radio_review_go/internal/service/post.go:270.16,272.3 1 0
github.com/yourname/radio_review_go/internal/service/post.go:274.2,275.16 2 0
github.com/yourname/radio_review_go/internal/service/post.go:275.16,277.3 1 0
github.com/yourname/radio_review_go/internal/service/post.go:279.2,279.26 1 0
github.com/yourname/radio_review_go/internal/service/post.go:283.83,285.16 2 0
github.com/yourname/radio_review_go/internal/service/post.go:285.16,287.3 1 0
github.com/yourname/radio_review_go/internal/service/post.go:288.2,288.17 1 0
github.com/yourname/radio_review_go/internal/service/post.go:292.61,294.16 2 1
github.com/yourname/radio_review_go/internal/service/post.go:294.16,296.3 1 0
github.com/yourname/radio_review_go/internal/service/post.go:297.2,297.18 1 1
github.com/yourname/radio_review_go/internal/service/post_interaction.go:21.27,26.2 1 1
github.com/yourname/radio_review_go/internal/service/post_interaction.go:29.67,31.16 2 1
github.com/yourname/radio_review_go/internal/service/post_interaction.go:31.16,33.3 1 1
github.com/yourname/radio_review_go/internal/service/post_interaction.go:34.2,34.12 1 1
github.com/yourname/radio_review_go/internal/service/post_interaction.go:34.12,36.3 1 1
github.com/yourname/radio_review_go/internal/service/post_interaction.go:38.2,38.58 1 1
github.com/yourname/radio_review_go/internal/service/post_interaction.go:38.58,40.3 1 0
github.com/yourname/radio_review_go/internal/service/post_interaction.go:41.2,41.12 1 1
github.com/yourname/radio_review_go/internal/service/post_interaction.go:45.69,46.58 1 1
github.com/yourname/radio_review_go/internal/service/post_interaction.go:46.58,48.3 1 1
github.com/yourname/radio_review_go/internal/service/post_interaction.go:49.2,49.12 1 1
github.com/yourname/radio_review_go/internal/service/post_interaction.go:53.108,54.16 1 1
github.com/yourname/radio_review_go/internal/service/post_interaction.go:54.16,56.3 1 1
github.com/yourname/radio_review_go/internal/service/post_interaction.go:58.2,65.16 3 1
github.com/yourname/radio_review_go/internal/service/post_interaction.go:65.16,67.3 1 1
github.com/yourname/radio_review_go/internal/service/post_interaction.go:68.2,70.21 2 1
github.com/yourname/radio_review_go/internal/service/post_interaction.go:74.79,76.16 2 1
github.com/yourname/radio_review_go/internal/service/post_interaction.go:76.16,78.3 1 1
github.com/yourname/radio_review_go/internal/service/post_interaction.go:80.2,80.30 1 1
github.com/yourname/radio_review_go/internal/service/post_interaction.go:80.30,82.3 1 1
github.com/yourname/radio_review_go/internal/service/post_interaction.go:84.2,84.56 1 1
github.com/yourname/radio_review_go/internal/service/post_interaction.go:84.56,86.3 1 0
github.com/yourname/radio_review_go/internal/service/post_interaction.go:87.2,87.12 1 1
github.com/yourname/radio_review_go/internal/service/post_interaction.go:91.89,93.16 2 0
github.com/yourname/radio_review_go/internal/service/post_interaction.go:93.16,95.3 1 0
github.com/yourname/radio_review_go/internal/service/post_interaction.go:96.2,96.22 1 0
github.com/yourname/radio_review_go/internal/service/post_interaction.go:100.80,102.16 2 0
github.com/yourname/radio_review_go/internal/service/post_interaction.go:102.16,104.3 1 0
github.com/yourname/radio_review_go/internal/service/post_interaction.go:105.2,105.20 1 0
github.com/yourname/radio_review_go/internal/service/radiko.go:25.118,30.2 1 0
github.com/yourname/radio_review_go/internal/service/radiko.go:60.30,62.20 2 0
github.com/yourname/radio_review_go/internal/service/radiko.go:62.20,64.3 1 0
github.com/yourname/radio_review_go/internal/service/radiko.go:65.2,65.31 1 0
github.com/yourname/radio_review_go/internal/service/radiko.go:69.35,70.16 1 1
github.com/yourname/radio_review_go/internal/service/radiko.go:70.16,72.3 1 1
github.com/yourname/radio_review_go/internal/service/radiko.go:73.2,73.28 1 1
github.com/yourname/radio_review_go/internal/service/radiko.go:77.48,79.16 2 1
github.com/yourname/radio_review_go/internal/service/radiko.go:79.16,81.3 1 0
github.com/yourname/radio_review_go/internal/service/radiko.go:82.2,85.16 3 1
github.com/yourname/radio_review_go/internal/service/radiko.go:85.16,87.3 1 0
github.com/yourname/radio_review_go/internal/service/radiko.go:89.2,89.47 1 1
github.com/yourname/radio_review_go/internal/service/radiko.go:89.47,91.3 1 1
github.com/yourname/radio_review_go/internal/service/radiko.go:92.2,92.12 1 1
github.com/yourname/radio_review_go/internal/service/radiko.go:96.96,98.16 2 0
github.com/yourname/radio_review_go/internal/service/radiko.go:98.16,100.3 1 0
github.com/yourname/radio_review_go/internal/service/radiko.go:101.2,101.58 1 0
github.com/yourname/radio_review_go/internal/service/radiko.go:101.58,103.3 1 0
github.com/yourname/radio_review_go/internal/service/radiko.go:104.2,104.13 1 0
github.com/yourname/radio_review_go/internal/service/radiko.go:108.109,110.16 2 0
github.com/yourname/radio_review_go/internal/service/radiko.go:110.16,113.3 2 0
github.com/yourname/radio_review_go/internal/service/radiko.go:114.2,114.64 1 0
github.com/yourname/radio_review_go/internal/service/radiko.go:114.64,116.3 1 0
github.com/yourname/radio_review_go/internal/service/radiko.go:120.30,124.2 3 1
github.com/yourname/radio_review_go/internal/service/radiko.go:129.98,134.53 4 0
github.com/yourname/radio_review_go/internal/service/radiko.go:134.53,136.3 1 0
github.com/yourname/radio_review_go/internal/service/radiko.go:138.2,142.45 4 0
github.com/yourname/radio_review_go/internal/service/radiko.go:142.45,144.3 1 0
github.com/yourname/radio_review_go/internal/service/radiko.go:146.2,150.35 4 0
github.com/yourname/radio_review_go/internal/service/radiko.go:150.35,151.26 1 0
github.com/yourname/radio_review_go/internal/service/radiko.go:151.26,153.4 1 0
github.com/yourname/radio_review_go/internal/service/radiko.go:154.3,154.33 1 0
github.com/yourname/radio_review_go/internal/service/radiko.go:154.33,156.25 2 0
github.com/yourname/radio_review_go/internal/service/radiko.go:156.25,158.5 1 0
github.com/yourname/radio_review_go/internal/service/radiko.go:159.4,159.27 1 0
github.com/yourname/radio_review_go/internal/service/radiko.go:159.27,160.13 1 0
github.com/yourname/radio_review_go/internal/service/radiko.go:162.4,164.51 2 0
github.com/yourname/radio_review_go/internal/service/radiko.go:164.51,167.16 3 0
github.com/yourname/radio_review_go/internal/service/radiko.go:167.16,168.14 1 0
github.com/yourname/radio_review_go/internal/service/radiko.go:171.4,179.6 2 0
github.com/yourname/radio_review_go/internal/service/radiko.go:183.2,184.25 2 0
github.com/yourname/radio_review_go/internal/service/radiko.go:184.25,186.3 1 0
github.com/yourname/radio_review_go/internal/service/radiko.go:188.2,199.20 4 0
github.com/yourname/radio_review_go/internal/service/radiko.go:203.99,208.53 4 0
github.com/yourname/radio_review_go/internal/service/radiko.go:208.53,210.3 1 0
github.com/yourname/radio_review_go/internal/service/radiko.go:213.2,214.21 2 0
github.com/yourname/radio_review_go/internal/service/radiko.go:214.21,216.3 1 0
github.com/yourname/radio_review_go/internal/service/radiko.go:217.2,225.53 6 0
github.com/yourname/radio_review_go/internal/service/radiko.go:225.53,227.3 1 0
github.com/yourname/radio_review_go/internal/service/radiko.go:229.2,229.39 1 0
github.com/yourname/radio_review_go/internal/service/radiko.go:229.39,230.26 1 0
github.com/yourname/radio_review_go/internal/service/radiko.go:230.26,232.4 1 0
github.com/yourname/radio_review_go/internal/service/radiko.go:233.3,233.33 1 0
github.com/yourname/radio_review_go/internal/service/radiko.go:233.33,235.25 2 0
github.com/yourname/radio_review_go/internal/service/radiko.go:235.25,237.5 1 0
github.com/yourname/radio_review_go/internal/service/radiko.go:238.4,238.31 1 0
github.com/yourname/radio_review_go/internal/service/radiko.go:238.31,239.13 1 0
github.com/yourname/radio_review_go/internal/service/radiko.go:241.4,252.6 1 0
github.com/yourname/radio_review_go/internal/service/radiko.go:257.2,257.27 1 0
github.com/yourname/radio_review_go/internal/service/radiko.go:257.27,263.52 5 0
github.com/yourname/radio_review_go/internal/service/radiko.go:263.52,265.12 2 0
github.com/yourname/radio_review_go/internal/service/radiko.go:267.3,267.39 1 0
github.com/yourname/radio_review_go/internal/service/radiko.go:267.39,268.27 1 0
github.com/yourname/radio_review_go/internal/service/radiko.go:268.27,270.5 1 0
github.com/yourname/radio_review_go/internal/service/radiko.go:271.4,271.34 1 0
github.com/yourname/radio_review_go/internal/service/radiko.go:271.34,274.31 2 0
github.com/yourname/radio_review_go/internal/service/radiko.go:274.31,275.48 1 0
github.com/yourname/radio_review_go/internal/service/radiko.go:275.48,277.12 2 0
github.com/yourname/radio_review_go/internal/service/radiko.go:280.5,280.18 1 0
github.com/yourname/radio_review_go/internal/service/radiko.go:280.18,281.14 1 0
github.com/yourname/radio_review_go/internal/service/radiko.go:283.5,284.26 2 0
github.com/yourname/radio_review_go/internal/service/radiko.go:284.26,286.6 1 0
github.com/yourname/radio_review_go/internal/service/radiko.go:287.5,298.7 1 0
github.com/yourname/radio_review_go/internal/service/radiko.go:303.2,313.20 4 0
github.com/yourname/radio_review_go/internal/service/radiko.go:317.83,322.53 4 0
github.com/yourname/radio_review_go/internal/service/radiko.go:322.53,324.3 1 0
github.com/yourname/radio_review_go/internal/service/radiko.go:326.2,329.26 3 0
github.com/yourname/radio_review_go/internal/service/radiko.go:329.26,332.46 3 0
github.com/yourname/radio_review_go/internal/service/radiko.go:332.46,334.12 2 0
github.com/yourname/radio_review_go/internal/service/radiko.go:336.3,336.36 1 0
github.com/yourname/radio_review_go/internal/service/radiko.go:336.36,337.50 1 0
github.com/yourname/radio_review_go/internal/service/radiko.go:337.50,338.13 1 0
github.com/yourname/radio_review_go/internal/service/radiko.go:340.4,347.25 7 0
github.com/yourname/radio_review_go/internal/service/radiko.go:347.25,354.5 6 0
github.com/yourname/radio_review_go/internal/service/radiko.go:356.4,364.6 1 0
github.com/yourname/radio_review_go/internal/service/radiko.go:368.2,370.24 3 0
github.com/yourname/radio_review_go/internal/service/radiko.go:374.103,379.53 4 0
github.com/yourname/radio_review_go/internal/service/radiko.go:379.53,381.3 1 0
github.com/yourname/radio_review_go/internal/service/radiko.go:383.2,385.45 3 0
github.com/yourname/radio_review_go/internal/service/radiko.go:385.45,387.3 1 0
github.com/yourname/radio_review_go/internal/service/radiko.go:389.2,390.35 2 0
github.com/yourname/radio_review_go/internal/service/radiko.go:390.35,391.33 1 0
github.com/yourname/radio_review_go/internal/service/radiko.go:391.33,392.27 1 0
github.com/yourname/radio_review_go/internal/service/radiko.go:392.27,401.10 2 0
github.com/yourname/radio_review_go/internal/service/radiko.go:404.3,404.20 1 0
github.com/yourname/radio_review_go/internal/service/radiko.go:404.20,405.9 1 0
github.com/yourname/radio_review_go/internal/service/radiko.go:409.2,409.19 1 0
github.com/yourname/radio_review_go/internal/service/radiko.go:409.19,411.3 1 0
github.com/yourname/radio_review_go/internal/service/radiko.go:413.2,415.20 3 0
github.com/yourname/radio_review_go/internal/service/recommendation.go:31.26,38.2 1 0
github.com/yourname/radio_review_go/internal/service/recommendation.go:47.100,53.16 4 0
github.com/yourname/radio_review_go/internal/service/recommendation.go:53.16,55.73 2 0
github.com/yourname/radio_review_go/internal/service/recommendation.go:55.73,57.4 1 0
github.com/yourname/radio_review_go/internal/service/recommendation.go:60.2,61.16 2 0
github.com/yourname/radio_review_go/internal/service/recommendation.go:61.16,65.3 2 0
github.com/yourname/radio_review_go/internal/service/recommendation.go:68.2,68.56 1 0
github.com/yourname/radio_review_go/internal/service/recommendation.go:68.56,69.99 1 0
github.com/yourname/radio_review_go/internal/service/recommendation.go:69.99,71.4 1 0
github.com/yourname/radio_review_go/internal/service/recommendation.go:74.2,74.20 1 0
github.com/yourname/radio_review_go/internal/service/recommendation.go:79.104,82.16 2 1
github.com/yourname/radio_review_go/internal/service/recommendation.go:82.16,84.3 1 0
github.com/yourname/radio_review_go/internal/service/recommendation.go:86.2,98.35 4 1
github.com/yourname/radio_review_go/internal/service/recommendation.go:98.35,100.17 2 1
github.com/yourname/radio_review_go/internal/service/recommendation.go:100.17,101.12 1 0
github.com/yourname/radio_review_go/internal/service/recommendation.go:104.3,107.27 4 1
github.com/yourname/radio_review_go/internal/service/recommendation.go:107.27,108.52 1 1
github.com/yourname/radio_review_go/internal/service/recommendation.go:108.52,110.5 1 1
github.com/yourname/radio_review_go/internal/service/recommendation.go:111.4,112.17 2 1
github.com/yourname/radio_review_go/internal/service/recommendation.go:115.3,115.23 1 1
github.com/yourname/radio_review_go/internal/service/recommendation.go:115.23,116.12 1 1
github.com/yourname/radio_review_go/internal/service/recommendation.go:119.3,120.22 2 1
github.com/yourname/radio_review_go/internal/service/recommendation.go:120.22,122.4 1 1
github.com/yourname/radio_review_go/internal/service/recommendation.go:124.3,131.5 1 1
github.com/yourname/radio_review_go/internal/service/recommendation.go:135.2,135.42 1 1
github.com/yourname/radio_review_go/internal/service/recommendation.go:135.42,136.69 1 1
github.com/yourname/radio_review_go/internal/service/recommendation.go:136.69,138.4 1 0
github.com/yourname/radio_review_go/internal/service/recommendation.go:139.3,139.53 1 1
github.com/yourname/radio_review_go/internal/service/recommendation.go:142.2,142.26 1 1
github.com/yourname/radio_review_go/internal/service/recommendation.go:142.26,144.3 1 1
github.com/yourname/radio_review_go/internal/service/recommendation.go:146.2,147.28 2 1
github.com/yourname/radio_review_go/internal/service/recommendation.go:147.28,155.20 2 1
github.com/yourname/radio_review_go/internal/service/recommendation.go:155.20,157.4 1 0
github.com/yourname/radio_review_go/internal/service/recommendation.go:158.3,158.29 1 1
github.com/yourname/radio_review_go/internal/service/recommendation.go:161.2,162.20 2 1
github.com/yourname/radio_review_go/internal/service/recommendation.go:166.68,169.57 3 0
github.com/yourname/radio_review_go/internal/service/recommendation.go:169.57,171.3 1 0
github.com/yourname/radio_review_go/internal/service/recommendation.go:172.2,173.12 2 0
github.com/yourname/radio_review_go/internal/service/recommendation.go:177.102,179.16 2 0
github.com/yourname/radio_review_go/internal/service/recommendation.go:179.16,181.3 1 0
github.com/yourname/radio_review_go/internal/service/recommendation.go:183.2,183.24 1 0
github.com/yourname/radio_review_go/internal/service/recommendation.go:183.24,186.3 2 0
github.com/yourname/radio_review_go/internal/service/recommendation.go:188.2,189.16 2 0
github.com/yourname/radio_review_go/internal/service/recommendation.go:189.16,191.3 1 0
github.com/yourname/radio_review_go/internal/service/recommendation.go:193.2,196.22 2 0
github.com/yourname/radio_review_go/internal/service/recommendation.go:196.22,198.3 1 0
github.com/yourname/radio_review_go/internal/service/recommendation.go:200.2,200.20 1 0
github.com/yourname/radio_review_go/internal/service/recommendation.go:204.81,209.16 3 0
github.com/yourname/radio_review_go/internal/service/recommendation.go:209.16,211.3 1 0
github.com/yourname/radio_review_go/internal/service/recommendation.go:212.2,212.27 1 0
github.com/yourname/radio_review_go/internal/service/recommendation.go:212.27,213.53 1 0
github.com/yourname/radio_review_go/internal/service/recommendation.go:213.53,215.4 1 0
github.com/yourname/radio_review_go/internal/service/recommendation.go:219.2,220.16 2 0
github.com/yourname/radio_review_go/internal/service/recommendation.go:220.16,222.3 1 0
github.com/yourname/radio_review_go/internal/service/recommendation.go:223.2,223.26 1 0
github.com/yourname/radio_review_go/internal/service/recommendation.go:223.26,224.22 1 0
github.com/yourname/radio_review_go/internal/service/recommendation.go:224.22,225.52 1 0
github.com/yourname/radio_review_go/internal/service/recommendation.go:225.52,227.5 1 0
github.com/yourname/radio_review_go/internal/service/recommendation.go:231.2,231.25 1 0
github.com/yourname/radio_review_go/internal/service/recommendation.go:231.25,233.3 1 0
github.com/yourname/radio_review_go/internal/service/recommendation.go:236.2,241.30 3 0
github.com/yourname/radio_review_go/internal/service/recommendation.go:241.30,243.3 1 0
github.com/yourname/radio_review_go/internal/service/recommendation.go:244.2,244.40 1 0
github.com/yourname/radio_review_go/internal/service/recommendation.go:244.40,246.3 1 0
github.com/yourname/radio_review_go/internal/service/recommendation.go:248.2,249.24 2 0
github.com/yourname/radio_review_go/internal/service/recommendation.go:249.24,251.3 1 0
github.com/yourname/radio_review_go/internal/service/recommendation.go:252.2,253.29 2 0
github.com/yourname/radio_review_go/internal/service/recommendation.go:253.29,255.3 1 0
github.com/yourname/radio_review_go/internal/service/recommendation.go:256.2,256.22 1 0
github.com/yourname/radio_review_go/internal/service/recommendation.go:266.40,270.2 3 1
github.com/yourname/radio_review_go/internal/service/recommendation.go:273.106,285.30 4 0
github.com/yourname/radio_review_go/internal/service/recommendation.go:285.30,287.17 2 0
github.com/yourname/radio_review_go/internal/service/recommendation.go:287.17,289.12 2 0
github.com/yourname/radio_review_go/internal/service/recommendation.go:291.3,291.33 1 0
github.com/yourname/radio_review_go/internal/service/recommendation.go:291.33,292.21 1 0
github.com/yourname/radio_review_go/internal/service/recommendation.go:292.21,293.13 1 0
github.com/yourname/radio_review_go/internal/service/recommendation.go:295.4,298.18 3 0
github.com/yourname/radio_review_go/internal/service/recommendation.go:298.18,300.5 1 0
github.com/yourname/radio_review_go/internal/service/recommendation.go:301.4,303.18 3 0
github.com/yourname/radio_review_go/internal/service/recommendation.go:303.18,305.5 1 0
github.com/yourname/radio_review_go/internal/service/recommendation.go:307.4,314.6 1 0
github.com/yourname/radio_review_go/internal/service/recommendation.go:316.3,316.39 1 0
github.com/yourname/radio_review_go/internal/service/recommendation.go:316.39,317.9 1 0
github.com/yourname/radio_review_go/internal/service/recommendation.go:322.2,322.42 1 0
github.com/yourname/radio_review_go/internal/service/recommendation.go:322.42,323.51 1 0
github.com/yourname/radio_review_go/internal/service/recommendation.go:323.51,325.4 1 0
github.com/yourname/radio_review_go/internal/service/recommendation.go:326.3,326.49 1 0
github.com/yourname/radio_review_go/internal/service/recommendation.go:329.2,329.40 1 0
github.com/yourname/radio_review_go/internal/service/recommendation.go:329.40,331.3 1 0
github.com/yourname/radio_review_go/internal/service/recommendation.go:333.2,334.28 2 0
github.com/yourname/radio_review_go/internal/service/recommendation.go:334.28,342.20 2 0
github.com/yourname/radio_review_go/internal/service/recommendation.go:342.20,344.4 1 0
github.com/yourname/radio_review_go/internal/service/recommendation.go:345.3,345.29 1 0
github.com/yourname/radio_review_go/internal/service/recommendation.go:347.2,347.20 1 0
github.com/yourname/radio_review_go/internal/service/recommendation.go:351.97,353.16 2 1
github.com/yourname/radio_review_go/internal/service/recommendation.go:353.16,355.3 1 0
github.com/yourname/radio_review_go/internal/service/recommendation.go:357.2,367.35 3 1
github.com/yourname/radio_review_go/internal/service/recommendation.go:367.35,369.35 2 1
github.com/yourname/radio_review_go/internal/service/recommendation.go:369.35,370.12 1 0
github.com/yourname/radio_review_go/internal/service/recommendation.go:372.3,373.27 2 1
github.com/yourname/radio_review_go/internal/service/recommendation.go:373.27,375.4 1 1
github.com/yourname/radio_review_go/internal/service/recommendation.go:376.3,385.5 2 1
github.com/yourname/radio_review_go/internal/service/recommendation.go:389.2,389.42 1 1
github.com/yourname/radio_review_go/internal/service/recommendation.go:389.42,390.51 1 1
github.com/yourname/radio_review_go/internal/service/recommendation.go:390.51,392.4 1 1
github.com/yourname/radio_review_go/internal/service/recommendation.go:393.3,393.49 1 0
github.com/yourname/radio_review_go/internal/service/recommendation.go:396.2,396.26 1 1
github.com/yourname/radio_review_go/internal/service/recommendation.go:396.26,398.3 1 0
github.com/yourname/radio_review_go/internal/service/recommendation.go:400.2,401.28 2 1
github.com/yourname/radio_review_go/internal/service/recommendation.go:401.28,409.20 2 1
github.com/yourname/radio_review_go/internal/service/recommendation.go:409.20,411.4 1 0
github.com/yourname/radio_review_go/internal/service/recommendation.go:412.3,412.29 1 1
github.com/yourname/radio_review_go/internal/service/recommendation.go:415.2,416.20 2 1
github.com/yourname/radio_review_go/internal/service/schedule.go:17.114,19.2 1 1
github.com/yourname/radio_review_go/internal/service/schedule.go:22.95,24.2 1 0
github.com/yourname/radio_review_go/internal/service/schedule.go:29.152,41.33 4 1
github.com/yourname/radio_review_go/internal/service/schedule.go:41.33,43.22 2 1
github.com/yourname/radio_review_go/internal/service/schedule.go:43.22,44.9 1 1
github.com/yourname/radio_review_go/internal/service/schedule.go:47.2,47.21 1 1
github.com/yourname/radio_review_go/internal/service/schedule.go:47.21,49.3 1 1
github.com/yourname/radio_review_go/internal/service/schedule.go:51.2,51.33 1 1
github.com/yourname/radio_review_go/internal/service/schedule.go:51.33,53.22 2 1
github.com/yourname/radio_review_go/internal/service/schedule.go:53.22,54.9 1 1
github.com/yourname/radio_review_go/internal/service/schedule.go:57.2,57.21 1 1
github.com/yourname/radio_review_go/internal/service/schedule.go:57.21,59.3 1 0
github.com/yourname/radio_review_go/internal/service/schedule.go:62.2,62.24 1 1
github.com/yourname/radio_review_go/internal/service/schedule.go:62.24,64.3 1 1
github.com/yourname/radio_review_go/internal/service/schedule.go:66.2,76.16 3 1
github.com/yourname/radio_review_go/internal/service/schedule.go:76.16,78.3 1 1
github.com/yourname/radio_review_go/internal/service/schedule.go:79.2,80.22 2 1
github.com/yourname/radio_review_go/internal/service/schedule.go:85.75,87.16 2 1
github.com/yourname/radio_review_go/internal/service/schedule.go:87.16,89.3 1 1
github.com/yourname/radio_review_go/internal/service/schedule.go:90.2,90.21 1 1
github.com/yourname/radio_review_go/internal/service/schedule.go:90.21,92.3 1 1
github.com/yourname/radio_review_go/internal/service/schedule.go:93.2,93.31 1 1
github.com/yourname/radio_review_go/internal/service/schedule.go:93.31,95.3 1 1
github.com/yourname/radio_review_go/internal/service/schedule.go:96.2,96.34 1 1
github.com/yourname/radio_review_go/internal/service/search.go:23.130,28.2 1 0
github.com/yourname/radio_review_go/internal/service/search.go:33.34,37.2 3 0
github.com/yourname/radio_review_go/internal/service/search.go:40.106,42.16 2 0
github.com/yourname/radio_review_go/internal/service/search.go:42.16,44.3 1 0
github.com/yourname/radio_review_go/internal/service/search.go:45.2,45.58 1 0
github.com/yourname/radio_review_go/internal/service/search.go:45.58,47.3 1 0
github.com/yourname/radio_review_go/internal/service/search.go:48.2,48.13 1 0
github.com/yourname/radio_review_go/internal/service/search.go:52.109,54.16 2 0
github.com/yourname/radio_review_go/internal/service/search.go:54.16,57.3 2 0
github.com/yourname/radio_review_go/internal/service/search.go:58.2,58.64 1 0
github.com/yourname/radio_review_go/internal/service/search.go:58.64,60.3 1 0
github.com/yourname/radio_review_go/internal/service/search.go:66.116,69.22 3 0
github.com/yourname/radio_review_go/internal/service/search.go:69.22,71.3 1 0
github.com/yourname/radio_review_go/internal/service/search.go:73.2,74.53 2 0
github.com/yourname/radio_review_go/internal/service/search.go:74.53,76.3 1 0
github.com/yourname/radio_review_go/internal/service/search.go:79.2,81.16 3 0
github.com/yourname/radio_review_go/internal/service/search.go:81.16,83.3 1 0
github.com/yourname/radio_review_go/internal/service/search.go:86.2,86.42 1 0
github.com/yourname/radio_review_go/internal/service/search.go:86.42,88.30 2 0
github.com/yourname/radio_review_go/internal/service/search.go:88.30,89.33 1 0
github.com/yourname/radio_review_go/internal/service/search.go:89.33,91.5 1 0
github.com/yourname/radio_review_go/internal/service/search.go:93.3,93.22 1 0
github.com/yourname/radio_review_go/internal/service/search.go:96.2,98.22 3 0
github.com/yourname/radio_review_go/internal/service/search.go:102.112,105.22 3 0
github.com/yourname/radio_review_go/internal/service/search.go:105.22,107.3 1 0
github.com/yourname/radio_review_go/internal/service/search.go:109.2,110.53 2 0
github.com/yourname/radio_review_go/internal/service/search.go:110.53,112.3 1 0
github.com/yourname/radio_review_go/internal/service/search.go:114.2,116.16 3 0
github.com/yourname/radio_review_go/internal/service/search.go:116.16,118.3 1 0
github.com/yourname/radio_review_go/internal/service/search.go:120.2,120.42 1 0
github.com/yourname/radio_review_go/internal/service/search.go:120.42,122.30 2 0
github.com/yourname/radio_review_go/internal/service/search.go:122.30,123.33 1 0
github.com/yourname/radio_review_go/internal/service/search.go:123.33,125.5 1 0
github.com/yourname/radio_review_go/internal/service/search.go:127.3,127.22 1 0
github.com/yourname/radio_review_go/internal/service/search.go:130.2,132.22 3 0
github.com/yourname/radio_review_go/internal/service/search.go:136.131,137.14 1 1
github.com/yourname/radio_review_go/internal/service/search.go:137.14,139.3 1 0
github.com/yourname/radio_review_go/internal/service/search.go:140.2,144.16 3 1
github.com/yourname/radio_review_go/internal/service/search.go:144.16,146.3 1 0
github.com/yourname/radio_review_go/internal/service/search.go:149.2,150.16 2 1
github.com/yourname/radio_review_go/internal/service/search.go:150.16,152.3 1 0
github.com/yourname/radio_review_go/internal/service/search.go:155.2,157.28 3 1
github.com/yourname/radio_review_go/internal/service/search.go:157.28,158.31 1 1
github.com/yourname/radio_review_go/internal/service/search.go:158.31,161.4 2 1
github.com/yourname/radio_review_go/internal/service/search.go:163.2,163.27 1 1
github.com/yourname/radio_review_go/internal/service/search.go:163.27,164.31 1 0
github.com/yourname/radio_review_go/internal/service/search.go:164.31,167.4 2 0
github.com/yourname/radio_review_go/internal/service/search.go:170.2,174.19 3 1
github.com/yourname/radio_review_go/internal/service/search.go:174.19,176.3 1 0
github.com/yourname/radio_review_go/internal/service/search.go:177.2,178.17 2 1
github.com/yourname/radio_review_go/internal/service/search.go:178.17,180.3 1 1
github.com/yourname/radio_review_go/internal/service/search.go:182.2,183.35 2 1
github.com/yourname/radio_review_go/internal/service/search.go:187.133,188.35 1 1
github.com/yourname/radio_review_go/internal/service/search.go:188.35,190.3 1 1
github.com/yourname/radio_review_go/internal/service/search.go:192.2,195.38 3 1
github.com/yourname/radio_review_go/internal/service/search.go:195.38,197.17 2 1
github.com/yourname/radio_review_go/internal/service/search.go:197.17,199.4 1 1
github.com/yourname/radio_review_go/internal/service/search.go:200.3,200.30 1 1
github.com/yourname/radio_review_go/internal/service/search.go:200.30,201.73 1 1
github.com/yourname/radio_review_go/internal/service/search.go:201.73,202.13 1 1
github.com/yourname/radio_review_go/internal/service/search.go:204.4,204.32 1 1
github.com/yourname/radio_review_go/internal/service/search.go:204.32,207.5 2 1
github.com/yourname/radio_review_go/internal/service/search.go:211.2,211.32 1 1
github.com/yourname/radio_review_go/internal/service/search.go:211.32,213.17 2 1
github.com/yourname/radio_review_go/internal/service/search.go:213.17,215.4 1 0
github.com/yourname/radio_review_go/internal/service/search.go:216.3,216.30 1 1
github.com/yourname/radio_review_go/internal/service/search.go:216.30,217.73 1 1
github.com/yourname/radio_review_go/internal/service/search.go:217.73,218.13 1 0
github.com/yourname/radio_review_go/internal/service/search.go:220.4,220.32 1 1
github.com/yourname/radio_review_go/internal/service/search.go:220.32,223.5 2 0
github.com/yourname/radio_review_go/internal/service/search.go:228.2,228.35 1 1
github.com/yourname/radio_review_go/internal/service/search.go:228.35,230.3 1 1
github.com/yourname/radio_review_go/internal/service/search.go:232.2,233.17 2 1
github.com/yourname/radio_review_go/internal/service/search.go:237.106,238.14 1 0
github.com/yourname/radio_review_go/internal/service/search.go:238.14,240.3 1 0
github.com/yourname/radio_review_go/internal/service/search.go:241.2,244.16 3 0
github.com/yourname/radio_review_go/internal/service/search.go:244.16,246.3 1 0
github.com/yourname/radio_review_go/internal/service/search.go:248.2,249.16 2 0
github.com/yourname/radio_review_go/internal/service/search.go:249.16,251.3 1 0
github.com/yourname/radio_review_go/internal/service/search.go:253.2,254.29 2 0
github.com/yourname/radio_review_go/internal/handler/auth.go:21.101,26.2 1 1
github.com/yourname/radio_review_go/internal/handler/auth.go:30.73,32.39 2 1
github.com/yourname/radio_review_go/internal/handler/auth.go:32.39,34.3 1 0
github.com/yourname/radio_review_go/internal/handler/auth.go:35.2,35.61 1 1
github.com/yourname/radio_review_go/internal/handler/auth.go:40.69,41.38 1 1
github.com/yourname/radio_review_go/internal/handler/auth.go:41.38,44.3 2 0
github.com/yourname/radio_review_go/internal/handler/auth.go:46.2,49.35 3 1
github.com/yourname/radio_review_go/internal/handler/auth.go:49.35,55.74 2 1
github.com/yourname/radio_review_go/internal/handler/auth.go:55.74,58.4 2 0
github.com/yourname/radio_review_go/internal/handler/auth.go:61.2,61.35 1 1
github.com/yourname/radio_review_go/internal/handler/auth.go:61.35,64.3 2 1
github.com/yourname/radio_review_go/internal/handler/auth.go:66.2,67.31 2 1
github.com/yourname/radio_review_go/internal/handler/auth.go:67.31,70.3 2 1
github.com/yourname/radio_review_go/internal/handler/auth.go:72.2,72.95 1 1
github.com/yourname/radio_review_go/internal/handler/auth.go:72.95,75.3 2 1
github.com/yourname/radio_review_go/internal/handler/auth.go:77.2,77.76 1 0
github.com/yourname/radio_review_go/internal/handler/auth.go:77.76,80.3 2 0
github.com/yourname/radio_review_go/internal/handler/auth.go:82.2,82.44 1 0
github.com/yourname/radio_review_go/internal/handler/auth.go:87.70,88.63 1 1
github.com/yourname/radio_review_go/internal/handler/auth.go:88.63,91.3 2 0
github.com/yourname/radio_review_go/internal/handler/auth.go:92.2,92.49 1 1
github.com/yourname/radio_review_go/internal/handler/auth.go:97.76,99.2 1 0
github.com/yourname/radio_review_go/internal/handler/auth.go:103.72,104.38 1 1
github.com/yourname/radio_review_go/internal/handler/auth.go:104.38,107.3 2 0
github.com/yourname/radio_review_go/internal/handler/auth.go:109.2,114.79 5 1
github.com/yourname/radio_review_go/internal/handler/auth.go:114.79,122.74 2 1
github.com/yourname/radio_review_go/internal/handler/auth.go:122.74,123.18 1 0
github.com/yourname/radio_review_go/internal/handler/auth.go:123.18,125.5 1 0
github.com/yourname/radio_review_go/internal/handler/auth.go:126.4,126.19 1 0
github.com/yourname/radio_review_go/internal/handler/auth.go:126.19,128.5 1 0
github.com/yourname/radio_review_go/internal/handler/auth.go:129.4,129.22 1 0
github.com/yourname/radio_review_go/internal/handler/auth.go:129.22,131.5 1 0
github.com/yourname/radio_review_go/internal/handler/auth.go:132.4,132.34 1 0
github.com/yourname/radio_review_go/internal/handler/auth.go:132.34,134.5 1 0
github.com/yourname/radio_review_go/internal/handler/auth.go:139.2,139.79 1 1
github.com/yourname/radio_review_go/internal/handler/auth.go:139.79,142.3 2 1
github.com/yourname/radio_review_go/internal/handler/auth.go:145.2,145.38 1 1
github.com/yourname/radio_review_go/internal/handler/auth.go:145.38,148.3 2 1
github.com/yourname/radio_review_go/internal/handler/auth.go:151.2,152.16 2 1
github.com/yourname/radio_review_go/internal/handler/auth.go:152.16,155.3 2 0
github.com/yourname/radio_review_go/internal/handler/auth.go:157.2,164.16 3 1
github.com/yourname/radio_review_go/internal/handler/auth.go:164.16,167.3 2 0
github.com/yourname/radio_review_go/internal/handler/auth.go:169.2,169.75 1 1
github.com/yourname/radio_review_go/internal/handler/auth.go:169.75,172.3 2 0
github.com/yourname/radio_review_go/internal/handler/auth.go:174.2,174.44 1 1
github.com/yourname/radio_review_go/internal/handler/broadcast.go:16.55,18.16 2 0
github.com/yourname/radio_review_go/internal/handler/broadcast.go:18.16,20.3 1 0
github.com/yourname/radio_review_go/internal/handler/broadcast.go:21.2,24.16 3 0
github.com/yourname/radio_review_go/internal/handler/broadcast.go:24.16,26.3 1 0
github.com/yourname/radio_review_go/internal/handler/broadcast.go:28.2,28.47 1 0
github.com/yourname/radio_review_go/internal/handler/broadcast.go:28.47,30.3 1 0
github.com/yourname/radio_review_go/internal/handler/broadcast.go:31.2,31.12 1 0
github.com/yourname/radio_review_go/internal/handler/broadcast.go:44.21,49.2 1 1
github.com/yourname/radio_review_go/internal/handler/broadcast.go:54.96,56.2 1 1
github.com/yourname/radio_review_go/internal/handler/broadcast.go:59.59,61.56 2 0
github.com/yourname/radio_review_go/internal/handler/broadcast.go:61.56,63.3 1 0
github.com/yourname/radio_review_go/internal/handler/broadcast.go:70.87,72.16 2 0
github.com/yourname/radio_review_go/internal/handler/broadcast.go:72.16,76.3 3 0
github.com/yourname/radio_review_go/internal/handler/broadcast.go:78.2,81.79 2 0
github.com/yourname/radio_review_go/internal/handler/broadcast.go:86.86,88.21 2 0
github.com/yourname/radio_review_go/internal/handler/broadcast.go:88.21,91.3 2 0
github.com/yourname/radio_review_go/internal/handler/broadcast.go:93.2,94.16 2 0
github.com/yourname/radio_review_go/internal/handler/broadcast.go:94.16,98.3 3 0
github.com/yourname/radio_review_go/internal/handler/broadcast.go:100.2,105.23 2 0
github.com/yourname/radio_review_go/internal/handler/broadcast.go:105.23,110.3 4 0
github.com/yourname/radio_review_go/internal/handler/broadcast.go:111.2,111.79 1 0
github.com/yourname/radio_review_go/internal/handler/broadcast.go:116.93,118.18 2 0
github.com/yourname/radio_review_go/internal/handler/broadcast.go:118.18,120.3 1 0
github.com/yourname/radio_review_go/internal/handler/broadcast.go:122.2,123.16 2 0
github.com/yourname/radio_review_go/internal/handler/broadcast.go:123.16,126.3 2 0
github.com/yourname/radio_review_go/internal/handler/broadcast.go:128.2,133.78 2 0
github.com/yourname/radio_review_go/internal/handler/broadcast.go:138.96,140.21 2 0
github.com/yourname/radio_review_go/internal/handler/broadcast.go:140.21,143.3 2 0
github.com/yourname/radio_review_go/internal/handler/broadcast.go:144.2,145.18 2 0
github.com/yourname/radio_review_go/internal/handler/broadcast.go:145.18,147.3 1 0
github.com/yourname/radio_review_go/internal/handler/broadcast.go:149.2,150.16 2 0
github.com/yourname/radio_review_go/internal/handler/broadcast.go:150.16,154.3 3 0
github.com/yourname/radio_review_go/internal/handler/broadcast.go:156.2,162.23 2 0
github.com/yourname/radio_review_go/internal/handler/broadcast.go:162.23,169.29 6 0
github.com/yourname/radio_review_go/internal/handler/broadcast.go:169.29,170.50 1 0
github.com/yourname/radio_review_go/internal/handler/broadcast.go:170.50,172.5 1 0
github.com/yourname/radio_review_go/internal/handler/broadcast.go:174.3,175.26 2 0
github.com/yourname/radio_review_go/internal/handler/broadcast.go:175.26,177.4 1 0
github.com/yourname/radio_review_go/internal/handler/broadcast.go:178.3,178.24 1 0
github.com/yourname/radio_review_go/internal/handler/broadcast.go:180.2,180.80 1 0
github.com/yourname/radio_review_go/internal/handler/broadcast.go:185.86,189.36 3 0
github.com/yourname/radio_review_go/internal/handler/broadcast.go:189.36,192.3 2 0
github.com/yourname/radio_review_go/internal/handler/broadcast.go:194.2,195.16 2 0
github.com/yourname/radio_review_go/internal/handler/broadcast.go:195.16,199.3 3 0
github.com/yourname/radio_review_go/internal/handler/broadcast.go:201.2,205.70 2 0
github.com/yourname/radio_review_go/internal/handler/broadcast.go:210.75,216.26 5 1
github.com/yourname/radio_review_go/internal/handler/broadcast.go:216.26,218.3 1 0
github.com/yourname/radio_review_go/internal/handler/broadcast.go:220.2,221.19 2 1
github.com/yourname/radio_review_go/internal/handler/broadcast.go:221.19,223.3 1 1
github.com/yourname/radio_review_go/internal/handler/broadcast.go:224.2,224.16 1 1
github.com/yourname/radio_review_go/internal/handler/broadcast.go:224.16,226.3 1 1
github.com/yourname/radio_review_go/internal/handler/broadcast.go:228.2,237.41 2 1
github.com/yourname/radio_review_go/internal/handler/broadcast.go:237.41,240.3 2 1
github.com/yourname/radio_review_go/internal/handler/broadcast.go:242.2,243.16 2 1
github.com/yourname/radio_review_go/internal/handler/broadcast.go:243.16,247.3 3 1
github.com/yourname/radio_review_go/internal/handler/broadcast.go:249.2,251.63 3 1
github.com/yourname/radio_review_go/internal/handler/broadcast.go:257.82,269.52 5 0
github.com/yourname/radio_review_go/internal/handler/broadcast.go:269.52,271.3 1 0
github.com/yourname/radio_review_go/internal/handler/broadcast.go:273.2,274.35 2 0
github.com/yourname/radio_review_go/internal/handler/broadcast.go:274.35,275.35 1 0
github.com/yourname/radio_review_go/internal/handler/broadcast.go:275.35,276.12 1 0
github.com/yourname/radio_review_go/internal/handler/broadcast.go:278.3,281.5 1 0
github.com/yourname/radio_review_go/internal/handler/broadcast.go:283.2,283.22 1 0
github.com/yourname/radio_review_go/internal/handler/broadcast.go:287.38,337.2 1 0
github.com/yourname/radio_review_go/internal/handler/favorite.go:20.109,25.2 1 1
github.com/yourname/radio_review_go/internal/handler/favorite.go:28.73,30.9 2 0
github.com/yourname/radio_review_go/internal/handler/favorite.go:30.9,33.3 2 0
github.com/yourname/radio_review_go/internal/handler/favorite.go:35.2,36.16 2 0
github.com/yourname/radio_review_go/internal/handler/favorite.go:36.16,39.3 2 0
github.com/yourname/radio_review_go/internal/handler/favorite.go:41.2,43.4 1 0
github.com/yourname/radio_review_go/internal/handler/favorite.go:47.73,49.9 2 1
github.com/yourname/radio_review_go/internal/handler/favorite.go:49.9,52.3 2 1
github.com/yourname/radio_review_go/internal/handler/favorite.go:54.2,59.61 2 1
github.com/yourname/radio_review_go/internal/handler/favorite.go:59.61,62.3 2 0
github.com/yourname/radio_review_go/internal/handler/favorite.go:64.2,64.51 1 1
github.com/yourname/radio_review_go/internal/handler/favorite.go:64.51,67.3 2 1
github.com/yourname/radio_review_go/internal/handler/favorite.go:69.2,70.16 2 1
github.com/yourname/radio_review_go/internal/handler/favorite.go:70.16,73.3 2 1
github.com/yourname/radio_review_go/internal/handler/favorite.go:75.2,78.4 1 1
github.com/yourname/radio_review_go/internal/handler/favorite.go:82.75,84.9 2 1
github.com/yourname/radio_review_go/internal/handler/favorite.go:84.9,87.3 2 0
github.com/yourname/radio_review_go/internal/handler/favorite.go:89.2,94.61 2 1
github.com/yourname/radio_review_go/internal/handler/favorite.go:94.61,97.3 2 0
github.com/yourname/radio_review_go/internal/handler/favorite.go:99.2,99.51 1 1
github.com/yourname/radio_review_go/internal/handler/favorite.go:99.51,102.3 2 1
github.com/yourname/radio_review_go/internal/handler/favorite.go:104.2,104.103 1 1
github.com/yourname/radio_review_go/internal/handler/favorite.go:104.103,107.3 2 0
github.com/yourname/radio_review_go/internal/handler/favorite.go:109.2,109.65 1 1
github.com/yourname/radio_review_go/internal/handler/favorite.go:113.73,115.9 2 1
github.com/yourname/radio_review_go/internal/handler/favorite.go:115.9,118.3 2 1
github.com/yourname/radio_review_go/internal/handler/favorite.go:120.2,123.43 3 1
github.com/yourname/radio_review_go/internal/handler/favorite.go:123.43,126.3 2 1
github.com/yourname/radio_review_go/internal/handler/favorite.go:129.2,130.62 2 1
github.com/yourname/radio_review_go/internal/handler/favorite.go:130.62,132.17 2 0
github.com/yourname/radio_review_go/internal/handler/favorite.go:132.17,134.4 1 0
github.com/yourname/radio_review_go/internal/handler/favorite.go:137.2,138.16 2 1
github.com/yourname/radio_review_go/internal/handler/favorite.go:138.16,141.3 2 0
github.com/yourname/radio_review_go/internal/handler/favorite.go:143.2,143.69 1 1
github.com/yourname/radio_review_go/internal/handler/favorite.go:147.38,150.2 2 0
github.com/yourname/radio_review_go/internal/handler/mypage.go:20.102,25.2 1 1
github.com/yourname/radio_review_go/internal/handler/mypage.go:28.71,30.9 2 1
github.com/yourname/radio_review_go/internal/handler/mypage.go:30.9,33.3 2 1
github.com/yourname/radio_review_go/internal/handler/mypage.go:35.2,37.14 3 1
github.com/yourname/radio_review_go/internal/handler/mypage.go:37.14,39.3 1 1
github.com/yourname/radio_review_go/internal/handler/mypage.go:40.2,43.16 3 1
github.com/yourname/radio_review_go/internal/handler/mypage.go:43.16,46.3 2 1
github.com/yourname/radio_review_go/internal/handler/mypage.go:48.2,53.4 1 1
github.com/yourname/radio_review_go/internal/handler/mypage.go:57.70,59.9 2 1
github.com/yourname/radio_review_go/internal/handler/mypage.go:59.9,62.3 2 1
github.com/yourname/radio_review_go/internal/handler/mypage.go:64.2,66.16 3 1
github.com/yourname/radio_review_go/internal/handler/mypage.go:66.16,69.3 2 0
github.com/yourname/radio_review_go/internal/handler/mypage.go:71.2,72.16 2 1
github.com/yourname/radio_review_go/internal/handler/mypage.go:72.16,75.3 2 1
github.com/yourname/radio_review_go/internal/handler/mypage.go:78.2,78.27 1 1
github.com/yourname/radio_review_go/internal/handler/mypage.go:78.27,81.3 2 1
github.com/yourname/radio_review_go/internal/handler/mypage.go:83.2,88.4 2 1
github.com/yourname/radio_review_go/internal/handler/mypage.go:92.72,94.9 2 1
github.com/yourname/radio_review_go/internal/handler/mypage.go:94.9,97.3 2 1
github.com/yourname/radio_review_go/internal/handler/mypage.go:99.2,101.16 3 1
github.com/yourname/radio_review_go/internal/handler/mypage.go:101.16,104.3 2 0
github.com/yourname/radio_review_go/internal/handler/mypage.go:106.2,106.38 1 1
github.com/yourname/radio_review_go/internal/handler/mypage.go:106.38,109.3 2 0
github.com/yourname/radio_review_go/internal/handler/mypage.go:111.2,113.17 3 1
github.com/yourname/radio_review_go/internal/handler/mypage.go:113.17,115.3 1 0
github.com/yourname/radio_review_go/internal/handler/mypage.go:117.2,126.25 3 1
github.com/yourname/radio_review_go/internal/handler/mypage.go:126.25,128.3 1 1
github.com/yourname/radio_review_go/internal/handler/mypage.go:129.2,130.30 2 1
github.com/yourname/radio_review_go/internal/handler/mypage.go:130.30,131.57 1 0
github.com/yourname/radio_review_go/internal/handler/mypage.go:131.57,133.4 1 0
github.com/yourname/radio_review_go/internal/handler/mypage.go:135.2,137.63 2 1
github.com/yourname/radio_review_go/internal/handler/mypage.go:137.63,140.3 2 1
github.com/yourname/radio_review_go/internal/handler/mypage.go:142.2,143.46 2 1
github.com/yourname/radio_review_go/internal/handler/mypage.go:147.73,149.9 2 1
github.com/yourname/radio_review_go/internal/handler/mypage.go:149.9,152.3 2 1
github.com/yourname/radio_review_go/internal/handler/mypage.go:154.2,154.38 1 1
github.com/yourname/radio_review_go/internal/handler/mypage.go:154.38,157.3 2 0
github.com/yourname/radio_review_go/internal/handler/mypage.go:159.2,161.16 3 1
github.com/yourname/radio_review_go/internal/handler/mypage.go:161.16,164.3 2 0
github.com/yourname/radio_review_go/internal/handler/mypage.go:167.2,168.16 2 1
github.com/yourname/radio_review_go/internal/handler/mypage.go:168.16,171.3 2 0
github.com/yourname/radio_review_go/internal/handler/mypage.go:173.2,173.27 1 1
github.com/yourname/radio_review_go/internal/handler/mypage.go:173.27,176.3 2 1
github.com/yourname/radio_review_go/internal/handler/mypage.go:178.2,178.57 1 1
github.com/yourname/radio_review_go/internal/handler/mypage.go:178.57,181.3 2 0
github.com/yourname/radio_review_go/internal/handler/mypage.go:183.2,184.46 2 1
github.com/yourname/radio_review_go/internal/handler/notification.go:20.114,25.2 1 1
github.com/yourname/radio_review_go/internal/handler/notification.go:29.77,31.9 2 0
github.com/yourname/radio_review_go/internal/handler/notification.go:31.9,34.3 2 0
github.com/yourname/radio_review_go/internal/handler/notification.go:36.2,37.16 2 0
github.com/yourname/radio_review_go/internal/handler/notification.go:37.16,40.3 2 0
github.com/yourname/radio_review_go/internal/handler/notification.go:42.2,44.4 1 0
github.com/yourname/radio_review_go/internal/handler/notification.go:49.81,51.9 2 1
github.com/yourname/radio_review_go/internal/handler/notification.go:51.9,54.3 2 1
github.com/yourname/radio_review_go/internal/handler/notification.go:56.2,57.16 2 1
github.com/yourname/radio_review_go/internal/handler/notification.go:57.16,60.3 2 1
github.com/yourname/radio_review_go/internal/handler/notification.go:62.2,62.26 1 1
github.com/yourname/radio_review_go/internal/handler/notification.go:62.26,64.3 1 0
github.com/yourname/radio_review_go/internal/handler/notification.go:66.2,68.4 1 1
github.com/yourname/radio_review_go/internal/handler/notification.go:73.78,75.9 2 0
github.com/yourname/radio_review_go/internal/handler/notification.go:75.9,78.3 2 0
github.com/yourname/radio_review_go/internal/handler/notification.go:80.2,81.16 2 0
github.com/yourname/radio_review_go/internal/handler/notification.go:81.16,84.3 2 0
github.com/yourname/radio_review_go/internal/handler/notification.go:86.2,86.26 1 0
github.com/yourname/radio_review_go/internal/handler/notification.go:86.26,88.3 1 0
github.com/yourname/radio_review_go/internal/handler/notification.go:90.2,92.4 1 0
github.com/yourname/radio_review_go/internal/handler/notification.go:97.82,99.9 2 1
github.com/yourname/radio_review_go/internal/handler/notification.go:99.9,102.3 2 0
github.com/yourname/radio_review_go/internal/handler/notification.go:104.2,107.61 2 1
github.com/yourname/radio_review_go/internal/handler/notification.go:107.61,110.3 2 0
github.com/yourname/radio_review_go/internal/handler/notification.go:111.2,111.29 1 1
github.com/yourname/radio_review_go/internal/handler/notification.go:111.29,114.3 2 1
github.com/yourname/radio_review_go/internal/handler/notification.go:116.2,116.73 1 1
github.com/yourname/radio_review_go/internal/handler/notification.go:116.73,119.3 2 0
github.com/yourname/radio_review_go/internal/handler/notification.go:121.2,124.4 1 1
github.com/yourname/radio_review_go/internal/handler/notification.go:129.85,131.9 2 1
github.com/yourname/radio_review_go/internal/handler/notification.go:131.9,134.3 2 0
github.com/yourname/radio_review_go/internal/handler/notification.go:136.2,136.56 1 1
github.com/yourname/radio_review_go/internal/handler/notification.go:136.56,139.3 2 0
github.com/yourname/radio_review_go/internal/handler/notification.go:141.2,143.4 1 1
github.com/yourname/radio_review_go/internal/handler/password_reset.go:16.95,18.2 1 1
github.com/yourname/radio_review_go/internal/handler/password_reset.go:22.88,24.2 1 1
github.com/yourname/radio_review_go/internal/handler/password_reset.go:28.86,29.38 1 1
github.com/yourname/radio_review_go/internal/handler/password_reset.go:29.38,32.3 2 0
github.com/yourname/radio_review_go/internal/handler/password_reset.go:34.2,35.17 2 1
github.com/yourname/radio_review_go/internal/handler/password_reset.go:35.17,40.3 2 1
github.com/yourname/radio_review_go/internal/handler/password_reset.go:43.2,47.4 2 1
github.com/yourname/radio_review_go/internal/handler/password_reset.go:52.86,60.2 3 1
github.com/yourname/radio_review_go/internal/handler/password_reset.go:64.78,65.38 1 1
github.com/yourname/radio_review_go/internal/handler/password_reset.go:65.38,68.3 2 0
github.com/yourname/radio_review_go/internal/handler/password_reset.go:70.2,75.82 5 1
github.com/yourname/radio_review_go/internal/handler/password_reset.go:75.82,82.3 2 1
github.com/yourname/radio_review_go/internal/handler/password_reset.go:84.2,84.57 1 1
github.com/yourname/radio_review_go/internal/handler/post.go:26.16,32.2 1 1
github.com/yourname/radio_review_go/internal/handler/post.go:35.94,37.2 1 1
github.com/yourname/radio_review_go/internal/handler/post.go:40.77,43.14 3 0
github.com/yourname/radio_review_go/internal/handler/post.go:43.14,45.3 1 0
github.com/yourname/radio_review_go/internal/handler/post.go:46.2,51.19 4 0
github.com/yourname/radio_review_go/internal/handler/post.go:51.19,53.3 1 0
github.com/yourname/radio_review_go/internal/handler/post.go:55.2,56.16 2 0
github.com/yourname/radio_review_go/internal/handler/post.go:56.16,59.3 2 0
github.com/yourname/radio_review_go/internal/handler/post.go:61.2,70.4 2 0
github.com/yourname/radio_review_go/internal/handler/post.go:74.78,76.9 2 0
github.com/yourname/radio_review_go/internal/handler/post.go:76.9,79.3 2 0
github.com/yourname/radio_review_go/internal/handler/post.go:81.2,83.16 3 0
github.com/yourname/radio_review_go/internal/handler/post.go:83.16,86.3 2 0
github.com/yourname/radio_review_go/internal/handler/post.go:88.2,93.4 2 0
github.com/yourname/radio_review_go/internal/handler/post.go:97.76,99.9 2 1
github.com/yourname/radio_review_go/internal/handler/post.go:99.9,102.3 2 1
github.com/yourname/radio_review_go/internal/handler/post.go:104.2,104.38 1 1
github.com/yourname/radio_review_go/internal/handler/post.go:104.38,107.3 2 0
github.com/yourname/radio_review_go/internal/handler/post.go:109.2,111.17 3 1
github.com/yourname/radio_review_go/internal/handler/post.go:111.17,113.3 1 0
github.com/yourname/radio_review_go/internal/handler/post.go:115.2,125.25 3 1
github.com/yourname/radio_review_go/internal/handler/post.go:125.25,127.3 1 1
github.com/yourname/radio_review_go/internal/handler/post.go:128.2,129.30 2 1
github.com/yourname/radio_review_go/internal/handler/post.go:129.30,130.57 1 0
github.com/yourname/radio_review_go/internal/handler/post.go:130.57,132.4 1 0
github.com/yourname/radio_review_go/internal/handler/post.go:134.2,134.21 1 1
github.com/yourname/radio_review_go/internal/handler/post.go:134.21,136.3 1 0
github.com/yourname/radio_review_go/internal/handler/post.go:138.2,139.16 2 1
github.com/yourname/radio_review_go/internal/handler/post.go:139.16,142.3 2 1
github.com/yourname/radio_review_go/internal/handler/post.go:144.2,148.69 4 1
github.com/yourname/radio_review_go/internal/handler/post.go:152.78,155.14 3 1
github.com/yourname/radio_review_go/internal/handler/post.go:155.14,157.3 1 1
github.com/yourname/radio_review_go/internal/handler/post.go:158.2,161.16 3 1
github.com/yourname/radio_review_go/internal/handler/post.go:161.16,164.3 2 1
github.com/yourname/radio_review_go/internal/handler/post.go:166.2,173.4 2 1
github.com/yourname/radio_review_go/internal/handler/post.go:177.84,183.14 5 0
github.com/yourname/radio_review_go/internal/handler/post.go:183.14,185.3 1 0
github.com/yourname/radio_review_go/internal/handler/post.go:186.2,189.16 3 0
github.com/yourname/radio_review_go/internal/handler/post.go:189.16,192.3 2 0
github.com/yourname/radio_review_go/internal/handler/post.go:194.2,201.4 1 0
github.com/yourname/radio_review_go/internal/handler/post.go:205.80,208.16 3 1
github.com/yourname/radio_review_go/internal/handler/post.go:208.16,211.3 2 0
github.com/yourname/radio_review_go/internal/handler/post.go:213.2,214.16 2 1
github.com/yourname/radio_review_go/internal/handler/post.go:214.16,217.3 2 0
github.com/yourname/radio_review_go/internal/handler/post.go:220.2,226.16 5 1
github.com/yourname/radio_review_go/internal/handler/post.go:226.16,228.3 1 0
github.com/yourname/radio_review_go/internal/handler/post.go:230.2,234.11 2 1
github.com/yourname/radio_review_go/internal/handler/post.go:238.72,240.9 2 1
github.com/yourname/radio_review_go/internal/handler/post.go:240.9,243.3 2 1
github.com/yourname/radio_review_go/internal/handler/post.go:245.2,248.61 2 1
github.com/yourname/radio_review_go/internal/handler/post.go:248.61,251.3 2 0
github.com/yourname/radio_review_go/internal/handler/post.go:253.2,253.70 1 1
github.com/yourname/radio_review_go/internal/handler/post.go:253.70,256.3 2 1
github.com/yourname/radio_review_go/internal/handler/post.go:258.2,258.65 1 1
github.com/yourname/radio_review_go/internal/handler/post.go:262.74,264.9 2 1
github.com/yourname/radio_review_go/internal/handler/post.go:264.9,267.3 2 0
github.com/yourname/radio_review_go/internal/handler/post.go:269.2,272.61 2 1
github.com/yourname/radio_review_go/internal/handler/post.go:272.61,275.3 2 0
github.com/yourname/radio_review_go/internal/handler/post.go:277.2,277.72 1 1
github.com/yourname/radio_review_go/internal/handler/post.go:277.72,280.3 2 0
github.com/yourname/radio_review_go/internal/handler/post.go:282.2,282.65 1 1
github.com/yourname/radio_review_go/internal/handler/post.go:286.74,288.9 2 1
github.com/yourname/radio_review_go/internal/handler/post.go:288.9,291.3 2 1
github.com/yourname/radio_review_go/internal/handler/post.go:293.2,297.61 2 1
github.com/yourname/radio_review_go/internal/handler/post.go:297.61,300.3 2 0
github.com/yourname/radio_review_go/internal/handler/post.go:302.2,303.16 2 1
github.com/yourname/radio_review_go/internal/handler/post.go:303.16,306.3 2 0
github.com/yourname/radio_review_go/internal/handler/post.go:308.2,311.4 1 1
github.com/yourname/radio_review_go/internal/handler/post.go:315.77,317.9 2 0
github.com/yourname/radio_review_go/internal/handler/post.go:317.9,320.3 2 0
github.com/yourname/radio_review_go/internal/handler/post.go:322.2,325.61 2 0
github.com/yourname/radio_review_go/internal/handler/post.go:325.61,328.3 2 0
github.com/yourname/radio_review_go/internal/handler/post.go:330.2,330.82 1 0
github.com/yourname/radio_review_go/internal/handler/post.go:330.82,333.3 2 0
github.com/yourname/radio_review_go/internal/handler/post.go:335.2,335.65 1 0
github.com/yourname/radio_review_go/internal/handler/post.go:339.75,342.16 3 1
github.com/yourname/radio_review_go/internal/handler/post.go:342.16,345.3 2 1
github.com/yourname/radio_review_go/internal/handler/post.go:347.2,348.16 2 1
github.com/yourname/radio_review_go/internal/handler/post.go:348.16,351.3 2 0
github.com/yourname/radio_review_go/internal/handler/post.go:353.2,355.4 1 1
github.com/yourname/radio_review_go/internal/handler/post.go:359.73,361.9 2 1
github.com/yourname/radio_review_go/internal/handler/post.go:361.9,364.3 2 1
github.com/yourname/radio_review_go/internal/handler/post.go:366.2,368.16 3 1
github.com/yourname/radio_review_go/internal/handler/post.go:368.16,371.3 2 0
github.com/yourname/radio_review_go/internal/handler/post.go:373.2,374.16 2 1
github.com/yourname/radio_review_go/internal/handler/post.go:374.16,377.3 2 0
github.com/yourname/radio_review_go/internal/handler/post.go:379.2,379.65 1 1
github.com/yourname/radio_review_go/internal/handler/recommendation.go:18.120,23.2 1 1
github.com/yourname/radio_review_go/internal/handler/recommendation.go:26.79,28.9 2 1
github.com/yourname/radio_review_go/internal/handler/recommendation.go:28.9,31.3 2 1
github.com/yourname/radio_review_go/internal/handler/recommendation.go:33.2,34.16 2 1
github.com/yourname/radio_review_go/internal/handler/recommendation.go:34.16,37.3 2 0
github.com/yourname/radio_review_go/internal/handler/recommendation.go:39.2,40.16 2 1
github.com/yourname/radio_review_go/internal/handler/recommendation.go:40.16,43.3 1 0
github.com/yourname/radio_review_go/internal/handler/recommendation.go:45.2,48.4 1 1
github.com/yourname/radio_review_go/internal/handler/recommendation.go:52.92,54.9 2 1
github.com/yourname/radio_review_go/internal/handler/recommendation.go:54.9,57.3 2 1
github.com/yourname/radio_review_go/internal/handler/recommendation.go:59.2,60.16 2 1
github.com/yourname/radio_review_go/internal/handler/recommendation.go:60.16,63.3 2 1
github.com/yourname/radio_review_go/internal/handler/recommendation.go:65.2,68.4 1 1
github.com/yourname/radio_review_go/internal/handler/recommendation.go:73.81,75.9 2 1
github.com/yourname/radio_review_go/internal/handler/recommendation.go:75.9,78.3 2 1
github.com/yourname/radio_review_go/internal/handler/recommendation.go:80.2,80.57 1 1
github.com/yourname/radio_review_go/internal/handler/recommendation.go:80.57,83.3 2 1
github.com/yourname/radio_review_go/internal/handler/recommendation.go:85.2,86.16 2 1
github.com/yourname/radio_review_go/internal/handler/recommendation.go:86.16,89.3 2 0
github.com/yourname/radio_review_go/internal/handler/recommendation.go:91.2,95.4 1 1
github.com/yourname/radio_review_go/internal/handler/recording.go:34.21,41.2 1 0
github.com/yourname/radio_review_go/internal/handler/recording.go:45.83,46.57 1 0
github.com/yourname/radio_review_go/internal/handler/recording.go:46.57,48.3 1 0
github.com/yourname/radio_review_go/internal/handler/recording.go:49.2,50.46 2 0
github.com/yourname/radio_review_go/internal/handler/recording.go:54.119,56.16 2 0
github.com/yourname/radio_review_go/internal/handler/recording.go:56.16,58.3 1 0
github.com/yourname/radio_review_go/internal/handler/recording.go:59.2,60.61 2 0
github.com/yourname/radio_review_go/internal/handler/recording.go:64.117,67.16 3 0
github.com/yourname/radio_review_go/internal/handler/recording.go:67.16,69.3 1 0
github.com/yourname/radio_review_go/internal/handler/recording.go:70.2,71.59 2 0
github.com/yourname/radio_review_go/internal/handler/recording.go:71.59,73.3 1 0
github.com/yourname/radio_review_go/internal/handler/recording.go:74.2,74.19 1 0
github.com/yourname/radio_review_go/internal/handler/recording.go:78.66,82.2 3 1
github.com/yourname/radio_review_go/internal/handler/recording.go:85.64,87.2 1 1
github.com/yourname/radio_review_go/internal/handler/recording.go:91.90,92.54 1 0
github.com/yourname/radio_review_go/internal/handler/recording.go:92.54,101.62 2 0
github.com/yourname/radio_review_go/internal/handler/recording.go:101.62,104.4 2 0
github.com/yourname/radio_review_go/internal/handler/recording.go:107.3,107.95 1 0
github.com/yourname/radio_review_go/internal/handler/recording.go:107.95,110.4 2 0
github.com/yourname/radio_review_go/internal/handler/recording.go:112.3,113.19 2 0
github.com/yourname/radio_review_go/internal/handler/recording.go:113.19,115.4 1 0
github.com/yourname/radio_review_go/internal/handler/recording.go:118.3,119.17 2 0
github.com/yourname/radio_review_go/internal/handler/recording.go:119.17,122.4 2 0
github.com/yourname/radio_review_go/internal/handler/recording.go:125.3,146.77 7 0
github.com/yourname/radio_review_go/internal/handler/recording.go:146.77,149.4 2 0
github.com/yourname/radio_review_go/internal/handler/recording.go:152.3,152.13 1 0
github.com/yourname/radio_review_go/internal/handler/recording.go:152.13,162.22 5 0
github.com/yourname/radio_review_go/internal/handler/recording.go:162.22,164.5 1 0
github.com/yourname/radio_review_go/internal/handler/recording.go:165.4,165.35 1 0
github.com/yourname/radio_review_go/internal/handler/recording.go:165.35,168.5 1 0
github.com/yourname/radio_review_go/internal/handler/recording.go:169.4,169.20 1 0
github.com/yourname/radio_review_go/internal/handler/recording.go:169.20,171.5 1 0
github.com/yourname/radio_review_go/internal/handler/recording.go:171.10,173.5 1 0
github.com/yourname/radio_review_go/internal/handler/recording.go:174.4,174.54 1 0
github.com/yourname/radio_review_go/internal/handler/recording.go:177.3,180.5 1 0
github.com/yourname/radio_review_go/internal/handler/recording.go:186.81,187.54 1 0
github.com/yourname/radio_review_go/internal/handler/recording.go:187.54,191.62 2 0
github.com/yourname/radio_review_go/internal/handler/recording.go:191.62,194.4 2 0
github.com/yourname/radio_review_go/internal/handler/recording.go:195.3,195.28 1 0
github.com/yourname/radio_review_go/internal/handler/recording.go:195.28,198.4 2 0
github.com/yourname/radio_review_go/internal/handler/recording.go:200.3,201.17 2 0
github.com/yourname/radio_review_go/internal/handler/recording.go:201.17,204.4 2 0
github.com/yourname/radio_review_go/internal/handler/recording.go:206.3,207.32 2 0
github.com/yourname/radio_review_go/internal/handler/recording.go:207.32,210.4 2 0
github.com/yourname/radio_review_go/internal/handler/recording.go:212.3,213.77 2 0
github.com/yourname/radio_review_go/internal/handler/recording.go:213.77,216.4 2 0
github.com/yourname/radio_review_go/internal/handler/recording.go:218.3,221.5 1 0
github.com/yourname/radio_review_go/internal/handler/recording.go:227.86,228.54 1 0
github.com/yourname/radio_review_go/internal/handler/recording.go:228.54,230.24 2 0
github.com/yourname/radio_review_go/internal/handler/recording.go:230.24,233.4 2 0
github.com/yourname/radio_review_go/internal/handler/recording.go:235.3,236.17 2 0
github.com/yourname/radio_review_go/internal/handler/recording.go:236.17,239.4 2 0
github.com/yourname/radio_review_go/internal/handler/recording.go:241.3,242.32 2 0
github.com/yourname/radio_review_go/internal/handler/recording.go:242.32,245.4 2 0
github.com/yourname/radio_review_go/internal/handler/recording.go:247.3,247.36 1 0
github.com/yourname/radio_review_go/internal/handler/recording.go:253.85,254.54 1 0
github.com/yourname/radio_review_go/internal/handler/recording.go:254.54,256.24 2 0
github.com/yourname/radio_review_go/internal/handler/recording.go:256.24,259.4 2 0
github.com/yourname/radio_review_go/internal/handler/recording.go:261.3,262.17 2 0
github.com/yourname/radio_review_go/internal/handler/recording.go:262.17,265.4 2 0
github.com/yourname/radio_review_go/internal/handler/recording.go:267.3,268.32 2 0
github.com/yourname/radio_review_go/internal/handler/recording.go:268.32,271.4 2 0
github.com/yourname/radio_review_go/internal/handler/recording.go:273.3,273.33 1 0
github.com/yourname/radio_review_go/internal/handler/recording.go:273.33,276.4 2 0
github.com/yourname/radio_review_go/internal/handler/recording.go:278.3,279.17 2 0
github.com/yourname/radio_review_go/internal/handler/recording.go:279.17,282.4 2 0
github.com/yourname/radio_review_go/internal/handler/recording.go:283.3,288.56 5 0
github.com/yourname/radio_review_go/internal/handler/recording.go:293.117,297.6 3 0
github.com/yourname/radio_review_go/internal/handler/recording.go:297.6,299.17 2 0
github.com/yourname/radio_review_go/internal/handler/recording.go:299.17,301.4 1 0
github.com/yourname/radio_review_go/internal/handler/recording.go:303.3,303.28 1 0
github.com/yourname/radio_review_go/internal/handler/recording.go:303.28,305.18 2 0
github.com/yourname/radio_review_go/internal/handler/recording.go:305.18,306.13 1 0
github.com/yourname/radio_review_go/internal/handler/recording.go:308.4,309.61 2 0
github.com/yourname/radio_review_go/internal/handler/recording.go:309.61,310.13 1 0
github.com/yourname/radio_review_go/internal/handler/recording.go:312.4,312.33 1 0
github.com/yourname/radio_review_go/internal/handler/recording.go:312.33,314.5 1 0
github.com/yourname/radio_review_go/internal/handler/recording.go:317.3,318.18 2 0
github.com/yourname/radio_review_go/internal/handler/recording.go:318.18,319.9 1 0
github.com/yourname/radio_review_go/internal/handler/recording.go:323.2,323.24 1 0
github.com/yourname/radio_review_go/internal/handler/recording.go:328.82,329.54 1 0
github.com/yourname/radio_review_go/internal/handler/recording.go:329.54,333.17 3 0
github.com/yourname/radio_review_go/internal/handler/recording.go:333.17,336.4 2 0
github.com/yourname/radio_review_go/internal/handler/recording.go:338.3,338.24 1 0
github.com/yourname/radio_review_go/internal/handler/recording.go:338.24,340.4 1 0
github.com/yourname/radio_review_go/internal/handler/recording.go:342.3,344.5 1 0
github.com/yourname/radio_review_go/internal/handler/recording.go:350.79,351.54 1 0
github.com/yourname/radio_review_go/internal/handler/recording.go:351.54,355.17 3 0
github.com/yourname/radio_review_go/internal/handler/recording.go:355.17,358.4 2 0
github.com/yourname/radio_review_go/internal/handler/recording.go:360.3,360.24 1 0
github.com/yourname/radio_review_go/internal/handler/recording.go:360.24,362.4 1 0
github.com/yourname/radio_review_go/internal/handler/recording.go:364.3,366.5 1 0
github.com/yourname/radio_review_go/internal/handler/recording.go:372.83,373.54 1 0
github.com/yourname/radio_review_go/internal/handler/recording.go:373.54,377.62 2 0
github.com/yourname/radio_review_go/internal/handler/recording.go:377.62,380.4 2 0
github.com/yourname/radio_review_go/internal/handler/recording.go:381.3,381.28 1 0
github.com/yourname/radio_review_go/internal/handler/recording.go:381.28,384.4 2 0
github.com/yourname/radio_review_go/internal/handler/recording.go:386.3,387.17 2 0
github.com/yourname/radio_review_go/internal/handler/recording.go:387.17,390.4 2 0
github.com/yourname/radio_review_go/internal/handler/recording.go:392.3,393.32 2 0
github.com/yourname/radio_review_go/internal/handler/recording.go:393.32,396.4 2 0
github.com/yourname/radio_review_go/internal/handler/recording.go:399.3,400.67 2 0
github.com/yourname/radio_review_go/internal/handler/recording.go:400.67,403.4 2 0
github.com/yourname/radio_review_go/internal/handler/recording.go:406.3,406.26 1 0
github.com/yourname/radio_review_go/internal/handler/recording.go:406.26,408.4 1 0
github.com/yourname/radio_review_go/internal/handler/recording.go:410.3,413.5 1 0
github.com/yourname/radio_review_go/internal/handler/schedule.go:21.111,26.2 1 1
github.com/yourname/radio_review_go/internal/handler/schedule.go:30.73,32.9 2 1
github.com/yourname/radio_review_go/internal/handler/schedule.go:32.9,35.3 2 1
github.com/yourname/radio_review_go/internal/handler/schedule.go:37.2,38.16 2 1
github.com/yourname/radio_review_go/internal/handler/schedule.go:38.16,41.3 2 1
github.com/yourname/radio_review_go/internal/handler/schedule.go:43.2,43.22 1 1
github.com/yourname/radio_review_go/internal/handler/schedule.go:43.22,45.3 1 0
github.com/yourname/radio_review_go/internal/handler/schedule.go:47.2,49.4 1 1
github.com/yourname/radio_review_go/internal/handler/schedule.go:55.73,57.9 2 1
github.com/yourname/radio_review_go/internal/handler/schedule.go:57.9,60.3 2 1
github.com/yourname/radio_review_go/internal/handler/schedule.go:62.2,71.113 3 1
github.com/yourname/radio_review_go/internal/handler/schedule.go:71.113,72.39 1 1
github.com/yourname/radio_review_go/internal/handler/schedule.go:72.39,75.4 2 0
github.com/yourname/radio_review_go/internal/handler/schedule.go:76.3,79.40 4 1
github.com/yourname/radio_review_go/internal/handler/schedule.go:80.8,81.62 1 1
github.com/yourname/radio_review_go/internal/handler/schedule.go:81.62,84.4 2 0
github.com/yourname/radio_review_go/internal/handler/schedule.go:87.2,87.95 1 1
github.com/yourname/radio_review_go/internal/handler/schedule.go:87.95,90.3 2 1
github.com/yourname/radio_review_go/internal/handler/schedule.go:92.2,93.16 2 1
github.com/yourname/radio_review_go/internal/handler/schedule.go:93.16,96.3 2 0
github.com/yourname/radio_review_go/internal/handler/schedule.go:98.2,101.4 1 1
github.com/yourname/radio_review_go/internal/handler/schedule.go:107.74,109.9 2 1
github.com/yourname/radio_review_go/internal/handler/schedule.go:109.9,112.3 2 1
github.com/yourname/radio_review_go/internal/handler/schedule.go:114.2,119.56 3 1
github.com/yourname/radio_review_go/internal/handler/schedule.go:119.56,120.39 1 0
github.com/yourname/radio_review_go/internal/handler/schedule.go:120.39,123.4 2 0
github.com/yourname/radio_review_go/internal/handler/schedule.go:124.3,125.22 2 0
github.com/yourname/radio_review_go/internal/handler/schedule.go:125.22,128.4 2 0
github.com/yourname/radio_review_go/internal/handler/schedule.go:129.3,129.22 1 0
github.com/yourname/radio_review_go/internal/handler/schedule.go:130.8,131.62 1 1
github.com/yourname/radio_review_go/internal/handler/schedule.go:131.62,134.4 2 0
github.com/yourname/radio_review_go/internal/handler/schedule.go:137.2,137.25 1 1
github.com/yourname/radio_review_go/internal/handler/schedule.go:137.25,140.3 2 1
github.com/yourname/radio_review_go/internal/handler/schedule.go:142.2,142.65 1 1
github.com/yourname/radio_review_go/internal/handler/schedule.go:142.65,143.22 1 1
github.com/yourname/radio_review_go/internal/handler/schedule.go:144.47,145.51 1 1
github.com/yourname/radio_review_go/internal/handler/schedule.go:146.77,147.52 1 0
github.com/yourname/radio_review_go/internal/handler/schedule.go:148.11,149.103 1 0
github.com/yourname/radio_review_go/internal/handler/schedule.go:151.3,151.9 1 1
github.com/yourname/radio_review_go/internal/handler/schedule.go:154.2,157.4 1 1
github.com/yourname/radio_review_go/internal/handler/template_data.go:39.71,40.23 1 1
github.com/yourname/radio_review_go/internal/handler/template_data.go:40.23,42.3 1 0
github.com/yourname/radio_review_go/internal/handler/template_data.go:43.2,44.16 2 1
github.com/yourname/radio_review_go/internal/handler/template_data.go:44.16,46.3 1 0
github.com/yourname/radio_review_go/internal/handler/template_data.go:47.2,48.21 2 1
github.com/yourname/radio_review_go/internal/handler/template_data.go:52.70,53.23 1 0
github.com/yourname/radio_review_go/internal/handler/template_data.go:53.23,55.3 1 0
github.com/yourname/radio_review_go/internal/handler/template_data.go:56.2,57.16 2 0
github.com/yourname/radio_review_go/internal/handler/template_data.go:57.16,59.3 1 0
github.com/yourname/radio_review_go/internal/handler/template_data.go:60.2,61.9 2 0
github.com/yourname/radio_review_go/internal/handler/template_data.go:61.9,63.3 1 0
github.com/yourname/radio_review_go/internal/handler/template_data.go:64.2,67.12 4 0
github.com/yourname/radio_review_go/internal/handler/template_data.go:71.33,73.40 2 0
github.com/yourname/radio_review_go/internal/handler/template_data.go:73.40,75.3 1 0
github.com/yourname/radio_review_go/internal/handler/template_data.go:76.2,76.45 1 0
github.com/yourname/radio_review_go/internal/handler/template_data.go:81.96,82.53 1 1
github.com/yourname/radio_review_go/internal/handler/template_data.go:82.53,84.63 2 1
github.com/yourname/radio_review_go/internal/handler/template_data.go:84.63,86.4 1 0
github.com/yourname/radio_review_go/internal/handler/template_data.go:87.3,87.9 1 1
github.com/yourname/radio_review_go/internal/handler/template_data.go:90.2,91.16 2 0
github.com/yourname/radio_review_go/internal/handler/template_data.go:91.16,95.3 3 0
github.com/yourname/radio_review_go/internal/handler/template_data.go:97.2,98.24 2 0
github.com/yourname/radio_review_go/internal/handler/template_data.go:98.24,100.3 1 0
github.com/yourname/radio_review_go/internal/handler/template_data.go:102.2,113.57 5 0
github.com/yourname/radio_review_go/internal/handler/template_data.go:113.57,115.3 1 0
github.com/yourname/radio_review_go/internal/repository/favorite_program.go:14.75,16.2 1 0
github.com/yourname/radio_review_go/internal/repository/favorite_program.go:18.95,24.16 3 0
github.com/yourname/radio_review_go/internal/repository/favorite_program.go:24.16,26.3 1 0
github.com/yourname/radio_review_go/internal/repository/favorite_program.go:27.2,27.18 1 0
github.com/yourname/radio_review_go/internal/repository/favorite_program.go:30.123,33.25 3 0
github.com/yourname/radio_review_go/internal/repository/favorite_program.go:33.25,39.3 1 0
github.com/yourname/radio_review_go/internal/repository/favorite_program.go:39.8,45.3 1 0
github.com/yourname/radio_review_go/internal/repository/favorite_program.go:46.2,46.16 1 0
github.com/yourname/radio_review_go/internal/repository/favorite_program.go:46.16,48.3 1 0
github.com/yourname/radio_review_go/internal/repository/favorite_program.go:49.2,49.23 1 0
github.com/yourname/radio_review_go/internal/repository/favorite_program.go:52.87,58.16 2 0
github.com/yourname/radio_review_go/internal/repository/favorite_program.go:58.16,60.3 1 0
github.com/yourname/radio_review_go/internal/repository/favorite_program.go:61.2,62.16 2 0
github.com/yourname/radio_review_go/internal/repository/favorite_program.go:62.16,64.3 1 0
github.com/yourname/radio_review_go/internal/repository/favorite_program.go:65.2,65.16 1 0
github.com/yourname/radio_review_go/internal/repository/favorite_program.go:68.115,70.25 2 0
github.com/yourname/radio_review_go/internal/repository/favorite_program.go:70.25,76.3 1 0
github.com/yourname/radio_review_go/internal/repository/favorite_program.go:76.8,82.3 1 0
github.com/yourname/radio_review_go/internal/repository/favorite_program.go:83.2,83.16 1 0
github.com/yourname/radio_review_go/internal/repository/favorite_program.go:83.16,85.3 1 0
github.com/yourname/radio_review_go/internal/repository/favorite_program.go:86.2,86.12 1 0
github.com/yourname/radio_review_go/internal/repository/notification.go:14.69,16.2 1 0
github.com/yourname/radio_review_go/internal/repository/notification.go:18.95,26.16 3 0
github.com/yourname/radio_review_go/internal/repository/notification.go:26.16,28.3 1 0
github.com/yourname/radio_review_go/internal/repository/notification.go:29.2,29.27 1 0
github.com/yourname/radio_review_go/internal/repository/notification.go:32.92,38.16 3 0
github.com/yourname/radio_review_go/internal/repository/notification.go:38.16,40.3 1 0
github.com/yourname/radio_review_go/internal/repository/notification.go:41.2,41.27 1 0
github.com/yourname/radio_review_go/internal/repository/notification.go:44.69,51.16 2 0
github.com/yourname/radio_review_go/internal/repository/notification.go:51.16,53.3 1 0
github.com/yourname/radio_review_go/internal/repository/notification.go:54.2,54.12 1 0
github.com/yourname/radio_review_go/internal/repository/notification.go:57.68,64.16 2 0
github.com/yourname/radio_review_go/internal/repository/notification.go:64.16,66.3 1 0
github.com/yourname/radio_review_go/internal/repository/notification.go:67.2,67.12 1 0
github.com/yourname/radio_review_go/internal/repository/password_reset.go:14.71,16.2 1 0
github.com/yourname/radio_review_go/internal/repository/password_reset.go:19.67,23.16 2 0
github.com/yourname/radio_review_go/internal/repository/password_reset.go:23.16,25.3 1 0
github.com/yourname/radio_review_go/internal/repository/password_reset.go:26.2,30.12 2 0
github.com/yourname/radio_review_go/internal/repository/password_reset.go:34.91,40.16 3 0
github.com/yourname/radio_review_go/internal/repository/password_reset.go:40.16,42.3 1 0
github.com/yourname/radio_review_go/internal/repository/password_reset.go:43.2,43.17 1 0
github.com/yourname/radio_review_go/internal/repository/password_reset.go:47.62,50.2 2 0
github.com/yourname/radio_review_go/internal/repository/post.go:15.53,17.2 1 0
github.com/yourname/radio_review_go/internal/repository/post.go:19.75,25.16 3 0
github.com/yourname/radio_review_go/internal/repository/post.go:25.16,27.3 1 0
github.com/yourname/radio_review_go/internal/repository/post.go:28.2,28.19 1 0
github.com/yourname/radio_review_go/internal/repository/post.go:31.47,34.16 3 0
github.com/yourname/radio_review_go/internal/repository/post.go:34.16,36.3 1 0
github.com/yourname/radio_review_go/internal/repository/post.go:37.2,37.19 1 0
github.com/yourname/radio_review_go/internal/repository/post.go:40.113,46.16 3 0
github.com/yourname/radio_review_go/internal/repository/post.go:46.16,48.3 1 0
github.com/yourname/radio_review_go/internal/repository/post.go:49.2,49.19 1 0
github.com/yourname/radio_review_go/internal/repository/post.go:52.86,58.16 3 0
github.com/yourname/radio_review_go/internal/repository/post.go:58.16,60.3 1 0
github.com/yourname/radio_review_go/internal/repository/post.go:61.2,61.19 1 0
github.com/yourname/radio_review_go/internal/repository/post.go:64.92,70.16 3 0
github.com/yourname/radio_review_go/internal/repository/post.go:70.16,72.3 1 0
github.com/yourname/radio_review_go/internal/repository/post.go:73.2,73.19 1 0
github.com/yourname/radio_review_go/internal/repository/post.go:76.65,82.16 3 0
github.com/yourname/radio_review_go/internal/repository/post.go:82.16,84.3 1 0
github.com/yourname/radio_review_go/internal/repository/post.go:85.2,85.19 1 0
github.com/yourname/radio_review_go/internal/repository/post.go:88.66,91.16 3 0
github.com/yourname/radio_review_go/internal/repository/post.go:91.16,93.3 1 0
github.com/yourname/radio_review_go/internal/repository/post.go:94.2,94.19 1 0
github.com/yourname/radio_review_go/internal/repository/post.go:99.112,106.16 6 0
github.com/yourname/radio_review_go/internal/repository/post.go:106.16,108.3 1 0
github.com/yourname/radio_review_go/internal/repository/post.go:109.2,109.19 1 0
github.com/yourname/radio_review_go/internal/repository/post.go:112.85,117.16 4 0
github.com/yourname/radio_review_go/internal/repository/post.go:117.16,119.3 1 0
github.com/yourname/radio_review_go/internal/repository/post.go:120.2,120.19 1 0
github.com/yourname/radio_review_go/internal/repository/post.go:124.104,131.39 5 0
github.com/yourname/radio_review_go/internal/repository/post.go:131.39,134.3 2 0
github.com/yourname/radio_review_go/internal/repository/post.go:136.2,136.47 1 0
github.com/yourname/radio_review_go/internal/repository/post.go:136.47,139.3 2 0
github.com/yourname/radio_review_go/internal/repository/post.go:141.2,141.47 1 0
github.com/yourname/radio_review_go/internal/repository/post.go:141.47,144.3 2 0
github.com/yourname/radio_review_go/internal/repository/post.go:146.2,146.43 1 0
github.com/yourname/radio_review_go/internal/repository/post.go:146.43,150.3 3 0
github.com/yourname/radio_review_go/internal/repository/post.go:152.2,153.20 2 0
github.com/yourname/radio_review_go/internal/repository/post.go:153.20,155.3 1 0
github.com/yourname/radio_review_go/internal/repository/post.go:156.2,156.21 1 0
github.com/yourname/radio_review_go/internal/repository/post.go:156.21,158.3 1 0
github.com/yourname/radio_review_go/internal/repository/post.go:160.2,160.20 1 0
github.com/yourname/radio_review_go/internal/repository/post.go:163.66,171.16 2 0
github.com/yourname/radio_review_go/internal/repository/post.go:171.16,173.3 1 0
github.com/yourname/radio_review_go/internal/repository/post.go:174.2,175.16 2 0
github.com/yourname/radio_review_go/internal/repository/post.go:175.16,177.3 1 0
github.com/yourname/radio_review_go/internal/repository/post.go:178.2,178.16 1 0
github.com/yourname/radio_review_go/internal/repository/post.go:181.57,188.16 2 0
github.com/yourname/radio_review_go/internal/repository/post.go:188.16,190.3 1 0
github.com/yourname/radio_review_go/internal/repository/post.go:191.2,191.12 1 0
github.com/yourname/radio_review_go/internal/repository/post.go:194.49,196.16 2 0
github.com/yourname/radio_review_go/internal/repository/post.go:196.16,198.3 1 0
github.com/yourname/radio_review_go/internal/repository/post.go:199.2,199.12 1 0
github.com/yourname/radio_review_go/internal/repository/post.go:202.74,208.16 3 0
github.com/yourname/radio_review_go/internal/repository/post.go:208.16,210.3 1 0
github.com/yourname/radio_review_go/internal/repository/post.go:211.2,211.17 1 0
github.com/yourname/radio_review_go/internal/repository/post_comment.go:14.67,16.2 1 0
github.com/yourname/radio_review_go/internal/repository/post_comment.go:18.87,24.16 3 0
github.com/yourname/radio_review_go/internal/repository/post_comment.go:24.16,26.3 1 0
github.com/yourname/radio_review_go/internal/repository/post_comment.go:27.2,27.22 1 0
github.com/yourname/radio_review_go/internal/repository/post_comment.go:30.80,33.16 3 0
github.com/yourname/radio_review_go/internal/repository/post_comment.go:33.16,35.3 1 0
github.com/yourname/radio_review_go/internal/repository/post_comment.go:36.2,36.16 1 0
github.com/yourname/radio_review_go/internal/repository/post_comment.go:39.83,45.16 2 0
github.com/yourname/radio_review_go/internal/repository/post_comment.go:45.16,47.3 1 0
github.com/yourname/radio_review_go/internal/repository/post_comment.go:48.2,49.16 2 0
github.com/yourname/radio_review_go/internal/repository/post_comment.go:49.16,51.3 1 0
github.com/yourname/radio_review_go/internal/repository/post_comment.go:53.2,57.16 2 0
github.com/yourname/radio_review_go/internal/repository/post_comment.go:57.16,59.3 1 0
github.com/yourname/radio_review_go/internal/repository/post_comment.go:60.2,60.16 1 0
github.com/yourname/radio_review_go/internal/repository/post_comment.go:63.56,67.16 3 0
github.com/yourname/radio_review_go/internal/repository/post_comment.go:67.16,69.3 1 0
github.com/yourname/radio_review_go/internal/repository/post_comment.go:71.2,72.16 2 0
github.com/yourname/radio_review_go/internal/repository/post_comment.go:72.16,74.3 1 0
github.com/yourname/radio_review_go/internal/repository/post_comment.go:76.2,80.16 2 0
github.com/yourname/radio_review_go/internal/repository/post_comment.go:80.16,82.3 1 0
github.com/yourname/radio_review_go/internal/repository/post_comment.go:83.2,83.12 1 0
github.com/yourname/radio_review_go/internal/repository/post_like.go:13.61,15.2 1 0
github.com/yourname/radio_review_go/internal/repository/post_like.go:17.73,23.16 3 0
github.com/yourname/radio_review_go/internal/repository/post_like.go:23.16,25.3 1 0
github.com/yourname/radio_review_go/internal/repository/post_like.go:26.2,26.23 1 0
github.com/yourname/radio_review_go/internal/repository/post_like.go:29.65,35.16 2 0
github.com/yourname/radio_review_go/internal/repository/post_like.go:35.16,37.3 1 0
github.com/yourname/radio_review_go/internal/repository/post_like.go:39.2,43.16 2 0
github.com/yourname/radio_review_go/internal/repository/post_like.go:43.16,45.3 1 0
github.com/yourname/radio_review_go/internal/repository/post_like.go:46.2,46.12 1 0
github.com/yourname/radio_review_go/internal/repository/post_like.go:49.65,54.16 2 0
github.com/yourname/radio_review_go/internal/repository/post_like.go:54.16,56.3 1 0
github.com/yourname/radio_review_go/internal/repository/post_like.go:58.2,62.16 2 0
github.com/yourname/radio_review_go/internal/repository/post_like.go:62.16,64.3 1 0
github.com/yourname/radio_review_go/internal/repository/post_like.go:65.2,65.12 1 0
github.com/yourname/radio_review_go/internal/repository/post_like.go:68.69,74.16 3 0
github.com/yourname/radio_review_go/internal/repository/post_like.go:74.16,76.3 1 0
github.com/yourname/radio_review_go/internal/repository/post_like.go:77.2,77.19 1 0
github.com/yourname/radio_review_go/internal/repository/post_tag.go:14.59,16.2 1 0
github.com/yourname/radio_review_go/internal/repository/post_tag.go:18.64,21.16 3 0
github.com/yourname/radio_review_go/internal/repository/post_tag.go:21.16,23.3 1 0
github.com/yourname/radio_review_go/internal/repository/post_tag.go:24.2,24.18 1 0
github.com/yourname/radio_review_go/internal/repository/post_tag.go:27.72,30.16 3 0
github.com/yourname/radio_review_go/internal/repository/post_tag.go:30.16,32.3 1 0
github.com/yourname/radio_review_go/internal/repository/post_tag.go:33.2,33.18 1 0
github.com/yourname/radio_review_go/internal/repository/post_tag.go:36.81,45.16 3 0
github.com/yourname/radio_review_go/internal/repository/post_tag.go:45.16,47.3 1 0
github.com/yourname/radio_review_go/internal/repository/post_tag.go:48.2,48.18 1 0
github.com/yourname/radio_review_go/internal/repository/post_tag.go:51.69,57.16 2 0
github.com/yourname/radio_review_go/internal/repository/post_tag.go:57.16,59.3 1 0
github.com/yourname/radio_review_go/internal/repository/post_tag.go:60.2,60.12 1 0
github.com/yourname/radio_review_go/internal/repository/post_tag.go:63.71,68.16 2 0
github.com/yourname/radio_review_go/internal/repository/post_tag.go:68.16,70.3 1 0
github.com/yourname/radio_review_go/internal/repository/post_tag.go:71.2,71.12 1 0
github.com/yourname/radio_review_go/internal/repository/radio_program.go:14.69,16.2 1 0
github.com/yourname/radio_review_go/internal/repository/radio_program.go:18.82,21.16 3 0
github.com/yourname/radio_review_go/internal/repository/radio_program.go:21.16,23.3 1 0
github.com/yourname/radio_review_go/internal/repository/radio_program.go:24.2,24.16 1 0
github.com/yourname/radio_review_go/internal/repository/radio_program.go:27.110,33.16 3 0
github.com/yourname/radio_review_go/internal/repository/radio_program.go:33.16,35.3 1 0
github.com/yourname/radio_review_go/internal/repository/radio_program.go:36.2,36.16 1 0
github.com/yourname/radio_review_go/internal/repository/radio_program.go:39.113,45.16 3 0
github.com/yourname/radio_review_go/internal/repository/radio_program.go:45.16,47.3 1 0
github.com/yourname/radio_review_go/internal/repository/radio_program.go:48.2,48.22 1 0
github.com/yourname/radio_review_go/internal/repository/radio_program.go:51.109,57.16 3 0
github.com/yourname/radio_review_go/internal/repository/radio_program.go:57.16,59.3 1 0
github.com/yourname/radio_review_go/internal/repository/radio_program.go:60.2,60.22 1 0
github.com/yourname/radio_review_go/internal/repository/radio_program.go:63.76,69.16 3 0
github.com/yourname/radio_review_go/internal/repository/radio_program.go:69.16,71.3 1 0
github.com/yourname/radio_review_go/internal/repository/radio_program.go:72.2,72.19 1 0
github.com/yourname/radio_review_go/internal/repository/radio_program.go:75.91,81.16 3 0
github.com/yourname/radio_review_go/internal/repository/radio_program.go:81.16,83.3 1 0
github.com/yourname/radio_review_go/internal/repository/radio_program.go:84.2,84.22 1 0
github.com/yourname/radio_review_go/internal/repository/radio_program.go:87.58,90.16 3 0
github.com/yourname/radio_review_go/internal/repository/radio_program.go:90.16,92.3 1 0
github.com/yourname/radio_review_go/internal/repository/radio_program.go:93.2,93.19 1 0
github.com/yourname/radio_review_go/internal/repository/radio_program.go:98.85,107.16 2 0
github.com/yourname/radio_review_go/internal/repository/radio_program.go:107.16,109.3 1 0
github.com/yourname/radio_review_go/internal/repository/radio_program.go:110.2,111.16 2 0
github.com/yourname/radio_review_go/internal/repository/radio_program.go:111.16,113.3 1 0
github.com/yourname/radio_review_go/internal/repository/radio_program.go:115.2,115.13 1 0
github.com/yourname/radio_review_go/internal/repository/radio_program.go:115.13,120.17 2 0
github.com/yourname/radio_review_go/internal/repository/radio_program.go:120.17,122.4 1 0
github.com/yourname/radio_review_go/internal/repository/radio_program.go:123.3,123.19 1 0
github.com/yourname/radio_review_go/internal/repository/radio_program.go:125.2,125.16 1 0
github.com/yourname/radio_review_go/internal/repository/recording_schedule.go:14.79,16.2 1 0
github.com/yourname/radio_review_go/internal/repository/recording_schedule.go:18.99,24.16 3 0
github.com/yourname/radio_review_go/internal/repository/recording_schedule.go:24.16,26.3 1 0
github.com/yourname/radio_review_go/internal/repository/recording_schedule.go:27.2,27.23 1 0
github.com/yourname/radio_review_go/internal/repository/recording_schedule.go:30.92,33.16 3 0
github.com/yourname/radio_review_go/internal/repository/recording_schedule.go:33.16,35.3 1 0
github.com/yourname/radio_review_go/internal/repository/recording_schedule.go:36.2,36.16 1 0
github.com/yourname/radio_review_go/internal/repository/recording_schedule.go:41.102,49.16 3 0
github.com/yourname/radio_review_go/internal/repository/recording_schedule.go:49.16,51.3 1 0
github.com/yourname/radio_review_go/internal/repository/recording_schedule.go:52.2,52.23 1 0
github.com/yourname/radio_review_go/internal/repository/recording_schedule.go:55.89,65.16 2 0
github.com/yourname/radio_review_go/internal/repository/recording_schedule.go:65.16,67.3 1 0
github.com/yourname/radio_review_go/internal/repository/recording_schedule.go:68.2,69.16 2 0
github.com/yourname/radio_review_go/internal/repository/recording_schedule.go:69.16,71.3 1 0
github.com/yourname/radio_review_go/internal/repository/recording_schedule.go:72.2,72.16 1 0
github.com/yourname/radio_review_go/internal/repository/recording_schedule.go:75.99,80.16 2 0
github.com/yourname/radio_review_go/internal/repository/recording_schedule.go:80.16,82.3 1 0
github.com/yourname/radio_review_go/internal/repository/recording_schedule.go:83.2,83.12 1 0
github.com/yourname/radio_review_go/internal/repository/recording_schedule.go:86.90,91.16 2 0
github.com/yourname/radio_review_go/internal/repository/recording_schedule.go:91.16,93.3 1 0
github.com/yourname/radio_review_go/internal/repository/recording_schedule.go:94.2,94.12 1 0
github.com/yourname/radio_review_go/internal/repository/recording_schedule.go:97.62,102.16 2 0
github.com/yourname/radio_review_go/internal/repository/recording_schedule.go:102.16,104.3 1 0
github.com/yourname/radio_review_go/internal/repository/recording_schedule.go:105.2,105.12 1 0
github.com/yourname/radio_review_go/internal/repository/user.go:14.53,16.2 1 0
github.com/yourname/radio_review_go/internal/repository/user.go:18.66,21.16 3 0
github.com/yourname/radio_review_go/internal/repository/user.go:21.16,23.3 1 0
github.com/yourname/radio_review_go/internal/repository/user.go:24.2,24.16 1 0
github.com/yourname/radio_review_go/internal/repository/user.go:27.73,30.16 3 0
github.com/yourname/radio_review_go/internal/repository/user.go:30.16,32.3 1 0
github.com/yourname/radio_review_go/internal/repository/user.go:33.2,33.16 1 0
github.com/yourname/radio_review_go/internal/repository/user.go:36.66,42.16 2 0
github.com/yourname/radio_review_go/internal/repository/user.go:42.16,44.3 1 0
github.com/yourname/radio_review_go/internal/repository/user.go:45.2,46.16 2 0
github.com/yourname/radio_review_go/internal/repository/user.go:46.16,48.3 1 0
github.com/yourname/radio_review_go/internal/repository/user.go:49.2,49.16 1 0
github.com/yourname/radio_review_go/internal/repository/user.go:52.57,58.16 2 0
github.com/yourname/radio_review_go/internal/repository/user.go:58.16,60.3 1 0
github.com/yourname/radio_review_go/internal/repository/user.go:61.2,61.12 1 0
